Time,Position,Percentage,Lots,Number
2024-01-29 17:08:23.165499,Short,28.0,6351.81,23248.0
2024-01-29 17:08:23.165499,Long,72.0,16154.67,54098.0
2024-01-29 17:08:30.173487,Short,28.0,6351.81,23248.0
2024-01-29 17:08:30.173487,Long,72.0,16154.67,54098.0
2024-01-29 17:08:36.445769,Short,28.0,6351.81,23248.0
2024-01-29 17:08:36.445769,Long,72.0,16154.67,54098.0
2024-01-29 17:08:42.710937,Short,28.0,6351.81,23248.0
2024-01-29 17:08:42.710937,Long,72.0,16154.67,54098.0
2024-01-29 17:08:49.028274,Short,28.0,6351.81,23248.0
2024-01-29 17:08:49.028274,Long,72.0,16154.67,54098.0
2024-01-29 17:08:55.485697,Short,28.0,6351.81,23248.0
2024-01-29 17:08:55.485697,Long,72.0,16154.67,54098.0
2024-01-29 17:09:01.677427,Short,28.0,6351.81,23248.0
2024-01-29 17:09:01.677427,Long,72.0,16154.67,54098.0
2024-01-29 17:09:07.989247,Short,28.0,6351.81,23248.0
2024-01-29 17:09:07.989247,Long,72.0,16154.67,54098.0
2024-01-29 17:09:14.261451,Short,28.0,6351.81,23248.0
2024-01-29 17:09:14.261451,Long,72.0,16154.67,54098.0
2024-01-29 17:09:20.489409,Short,28.0,6351.66,23249.0
2024-01-29 17:09:20.489409,Long,72.0,16149.74,54080.0
2024-01-29 17:09:26.845801,Short,28.0,6351.66,23249.0
2024-01-29 17:09:26.845801,Long,72.0,16149.74,54080.0
2024-01-29 17:09:33.079628,Short,28.0,6351.66,23249.0
2024-01-29 17:09:33.079628,Long,72.0,16149.74,54080.0
2024-01-29 17:09:39.335522,Short,28.0,6351.66,23249.0
2024-01-29 17:09:39.335522,Long,72.0,16149.74,54080.0
2024-01-29 17:09:45.601808,Short,28.0,6351.66,23249.0
2024-01-29 17:09:45.601808,Long,72.0,16149.74,54080.0
2024-01-29 17:09:51.922425,Short,28.0,6351.66,23249.0
2024-01-29 17:09:51.922425,Long,72.0,16149.74,54080.0
2024-01-29 17:09:58.243711,Short,28.0,6351.66,23249.0
2024-01-29 17:09:58.243711,Long,72.0,16149.74,54080.0
2024-01-29 17:10:04.518340,Short,28.0,6351.66,23249.0
2024-01-29 17:10:04.518340,Long,72.0,16149.74,54080.0
2024-01-29 17:10:11.296883,Short,28.0,6351.66,23249.0
2024-01-29 17:10:11.296883,Long,72.0,16149.74,54080.0
2024-01-29 17:10:17.726357,Short,28.0,6355.23,23229.0
2024-01-29 17:10:17.726357,Long,72.0,16109.4,53944.0
2024-01-29 17:10:24.125898,Short,28.0,6355.23,23229.0
2024-01-29 17:10:24.125898,Long,72.0,16109.4,53944.0
2024-01-29 17:10:30.221257,Short,28.0,6355.23,23229.0
2024-01-29 17:10:30.221257,Long,72.0,16109.4,53944.0
2024-01-29 17:10:36.334312,Short,28.0,6355.23,23229.0
2024-01-29 17:10:36.334312,Long,72.0,16109.4,53944.0
2024-01-29 17:10:42.555700,Short,28.0,6355.23,23229.0
2024-01-29 17:10:42.555700,Long,72.0,16109.4,53944.0
2024-01-29 17:10:48.703917,Short,28.0,6355.23,23229.0
2024-01-29 17:10:48.703917,Long,72.0,16109.4,53944.0
2024-01-29 17:10:54.780094,Short,28.0,6355.23,23229.0
2024-01-29 17:10:54.780094,Long,72.0,16109.4,53944.0
2024-01-29 17:11:01.006619,Short,28.0,6355.23,23229.0
2024-01-29 17:11:01.006619,Long,72.0,16109.4,53944.0
2024-01-29 17:11:07.165646,Short,28.0,6355.23,23229.0
2024-01-29 17:11:07.165646,Long,72.0,16109.4,53944.0
2024-01-29 17:11:13.294319,Short,28.0,6355.23,23229.0
2024-01-29 17:11:13.294319,Long,72.0,16109.4,53944.0
2024-01-29 17:11:19.478821,Short,28.0,6355.64,23235.0
2024-01-29 17:11:19.478821,Long,72.0,16108.78,53944.0
2024-01-29 17:11:25.893385,Short,28.0,6355.64,23235.0
2024-01-29 17:11:25.893385,Long,72.0,16108.78,53944.0
2024-01-29 17:11:31.995747,Short,28.0,6355.64,23235.0
2024-01-29 17:11:31.995747,Long,72.0,16108.78,53944.0
2024-01-29 17:11:38.106040,Short,28.0,6355.64,23235.0
2024-01-29 17:11:38.106040,Long,72.0,16108.78,53944.0
2024-01-29 17:11:44.243356,Short,28.0,6355.64,23235.0
2024-01-29 17:11:44.243356,Long,72.0,16108.78,53944.0
2024-01-29 17:11:52.314686,Short,28.0,6355.64,23235.0
2024-01-29 17:11:52.314686,Long,72.0,16108.78,53944.0
2024-01-29 17:11:59.787788,Short,28.0,6355.64,23235.0
2024-01-29 17:11:59.787788,Long,72.0,16108.78,53944.0
2024-01-29 17:12:05.913608,Short,28.0,6355.64,23235.0
2024-01-29 17:12:05.913608,Long,72.0,16108.78,53944.0
2024-01-29 17:12:12.021571,Short,28.0,6355.64,23235.0
2024-01-29 17:12:12.021571,Long,72.0,16108.78,53944.0
2024-01-29 17:12:18.118366,Short,28.0,6355.64,23235.0
2024-01-29 17:12:18.118366,Long,72.0,16108.78,53944.0
2024-01-29 17:12:24.188718,Short,28.0,6356.93,23233.0
2024-01-29 17:12:24.188718,Long,72.0,16103.92,53927.0
2024-01-29 17:12:30.291154,Short,28.0,6356.93,23233.0
2024-01-29 17:12:30.291154,Long,72.0,16103.92,53927.0
2024-01-29 17:12:36.369817,Short,28.0,6356.93,23233.0
2024-01-29 17:12:36.369817,Long,72.0,16103.92,53927.0
2024-01-29 17:12:42.509730,Short,28.0,6356.93,23233.0
2024-01-29 17:12:42.509730,Long,72.0,16103.92,53927.0
2024-01-29 17:12:48.613392,Short,28.0,6356.93,23233.0
2024-01-29 17:12:48.613392,Long,72.0,16103.92,53927.0
2024-01-29 17:12:54.791534,Short,28.0,6356.93,23233.0
2024-01-29 17:12:54.791534,Long,72.0,16103.92,53927.0
2024-01-29 17:13:00.862864,Short,28.0,6356.93,23233.0
2024-01-29 17:13:00.862864,Long,72.0,16103.92,53927.0
2024-01-29 17:13:06.996556,Short,28.0,6356.93,23233.0
2024-01-29 17:13:06.996556,Long,72.0,16103.92,53927.0
2024-01-29 17:13:13.112248,Short,28.0,6356.93,23233.0
2024-01-29 17:13:13.112248,Long,72.0,16103.92,53927.0
2024-01-29 17:13:28.138782,Short,29.0,6354.06,23217.0
2024-01-29 17:13:28.138782,Long,71.0,15876.78,53777.0
2024-01-29 17:15:09.101634,Short,29.0,6350.15,23216.0
2024-01-29 17:15:09.101634,Long,71.0,15771.72,53588.0
2024-01-29 17:15:15.592533,Short,29.0,6350.15,23216.0
2024-01-29 17:15:15.592533,Long,71.0,15771.72,53588.0
2024-01-29 17:15:56.935615,Short,29.0,6350.14,23216.0
2024-01-29 17:15:56.935615,Long,71.0,15773.5,53587.0
2024-01-29 17:16:03.892561,Short,29.0,6350.14,23216.0
2024-01-29 17:16:03.892561,Long,71.0,15773.5,53587.0
2024-01-29 17:16:10.152633,Short,29.0,6350.14,23216.0
2024-01-29 17:16:10.152633,Long,71.0,15773.5,53587.0
2024-01-29 17:16:16.333813,Short,29.0,6350.14,23216.0
2024-01-29 17:16:16.333813,Long,71.0,15773.5,53587.0
2024-01-29 17:16:22.484343,Short,29.0,6350.14,23216.0
2024-01-29 17:16:22.484343,Long,71.0,15773.5,53587.0
2024-01-29 17:16:28.757436,Short,29.0,6350.88,23206.0
2024-01-29 17:16:28.757436,Long,71.0,15762.29,53517.0
2024-01-29 17:19:08.193260,Short,29.0,6339.97,23174.0
2024-01-29 17:19:08.193260,Long,71.0,15407.26,53279.0
2024-01-29 17:19:15.125697,Short,29.0,6339.97,23174.0
2024-01-29 17:19:15.125697,Long,71.0,15407.26,53279.0
2024-01-29 17:19:16.446214,Short,29.0,6339.97,23174.0
2024-01-29 17:19:16.446214,Long,71.0,15407.26,53279.0
2024-01-29 17:19:22.647600,Short,29.0,6339.97,23174.0
2024-01-29 17:19:22.647600,Long,71.0,15407.26,53279.0
2024-01-29 17:19:28.887701,Short,29.0,6339.97,23174.0
2024-01-29 17:19:28.887701,Long,71.0,15407.26,53279.0
2024-01-29 17:19:35.175114,Short,29.0,6340.12,23193.0
2024-01-29 17:19:35.175114,Long,71.0,15410.76,53350.0
2024-01-29 17:19:41.448766,Short,29.0,6340.12,23193.0
2024-01-29 17:19:41.448766,Long,71.0,15410.76,53350.0
2024-01-29 17:19:47.779665,Short,29.0,6340.12,23193.0
2024-01-29 17:19:47.779665,Long,71.0,15410.76,53350.0
2024-01-29 17:19:54.092389,Short,29.0,6340.12,23193.0
2024-01-29 17:19:54.092389,Long,71.0,15410.76,53350.0
2024-01-29 17:20:00.520924,Short,29.0,6340.12,23193.0
2024-01-29 17:20:00.520924,Long,71.0,15410.76,53350.0
2024-01-29 17:20:06.995631,Short,29.0,6340.12,23193.0
2024-01-29 17:20:06.995631,Long,71.0,15410.76,53350.0
2024-01-29 17:20:13.090989,Short,29.0,6340.12,23193.0
2024-01-29 17:20:13.090989,Long,71.0,15410.76,53350.0
2024-01-29 17:20:19.152446,Short,29.0,6340.12,23193.0
2024-01-29 17:20:19.152446,Long,71.0,15410.76,53350.0
2024-01-29 17:20:25.279145,Short,29.0,6340.12,23193.0
2024-01-29 17:20:25.279145,Long,71.0,15410.76,53350.0
2024-01-29 17:20:31.381622,Short,29.0,6340.12,23193.0
2024-01-29 17:20:31.381622,Long,71.0,15410.76,53350.0
2024-01-29 17:20:37.454946,Short,29.0,6335.46,23190.0
2024-01-29 17:20:37.454946,Long,71.0,15406.71,53365.0
2024-01-29 17:20:43.603657,Short,29.0,6335.46,23190.0
2024-01-29 17:20:43.603657,Long,71.0,15406.71,53365.0
2024-01-29 17:20:49.690249,Short,29.0,6335.46,23190.0
2024-01-29 17:20:49.690249,Long,71.0,15406.71,53365.0
2024-01-29 17:20:55.888026,Short,29.0,6335.46,23190.0
2024-01-29 17:20:55.888026,Long,71.0,15406.71,53365.0
2024-01-29 17:21:02.176411,Short,29.0,6335.46,23190.0
2024-01-29 17:21:02.176411,Long,71.0,15406.71,53365.0
2024-01-29 17:21:08.307230,Short,29.0,6335.46,23190.0
2024-01-29 17:21:08.307230,Long,71.0,15406.71,53365.0
2024-01-29 17:21:14.495490,Short,29.0,6335.46,23190.0
2024-01-29 17:21:14.495490,Long,71.0,15406.71,53365.0
2024-01-29 17:21:20.630524,Short,29.0,6335.46,23190.0
2024-01-29 17:21:20.630524,Long,71.0,15406.71,53365.0
2024-01-29 17:21:26.790498,Short,29.0,6335.46,23190.0
2024-01-29 17:21:26.790498,Long,71.0,15406.71,53365.0
2024-01-29 17:21:32.912972,Short,29.0,6335.46,23190.0
2024-01-29 17:21:32.912972,Long,71.0,15406.71,53365.0
2024-01-29 17:21:39.104357,Short,29.0,6335.4,23186.0
2024-01-29 17:21:39.104357,Long,71.0,15405.46,53355.0
2024-01-29 17:21:45.258721,Short,29.0,6335.4,23186.0
2024-01-29 17:21:45.258721,Long,71.0,15405.46,53355.0
2024-01-29 17:21:51.390540,Short,29.0,6335.4,23186.0
2024-01-29 17:21:51.390540,Long,71.0,15405.46,53355.0
2024-01-29 17:21:57.483299,Short,29.0,6335.4,23186.0
2024-01-29 17:21:57.483299,Long,71.0,15405.46,53355.0
2024-01-29 17:22:03.602291,Short,29.0,6335.4,23186.0
2024-01-29 17:22:03.602291,Long,71.0,15405.46,53355.0
2024-01-29 17:22:09.781306,Short,29.0,6335.4,23186.0
2024-01-29 17:22:09.781306,Long,71.0,15405.46,53355.0
2024-01-29 17:22:15.948255,Short,29.0,6335.4,23186.0
2024-01-29 17:22:15.948255,Long,71.0,15405.46,53355.0
2024-01-29 17:22:22.463847,Short,29.0,6335.4,23186.0
2024-01-29 17:22:22.463847,Long,71.0,15405.46,53355.0
2024-01-29 17:22:28.619622,Short,29.0,6335.4,23186.0
2024-01-29 17:22:28.619622,Long,71.0,15405.46,53355.0
2024-01-29 17:22:35.091672,Short,29.0,6335.4,23186.0
2024-01-29 17:22:35.091672,Long,71.0,15405.46,53355.0
2024-01-29 17:22:41.508777,Short,29.0,6335.05,23182.0
2024-01-29 17:22:41.508777,Long,71.0,15398.15,53298.0
2024-01-29 17:22:47.889418,Short,29.0,6335.05,23182.0
2024-01-29 17:22:47.889418,Long,71.0,15398.15,53298.0
2024-01-29 17:22:54.032182,Short,29.0,6335.05,23182.0
2024-01-29 17:22:54.032182,Long,71.0,15398.15,53298.0
2024-01-29 17:23:00.269149,Short,29.0,6335.05,23182.0
2024-01-29 17:23:00.269149,Long,71.0,15398.15,53298.0
2024-01-29 17:23:06.785357,Short,29.0,6335.05,23182.0
2024-01-29 17:23:06.785357,Long,71.0,15398.15,53298.0
2024-01-29 17:23:13.306612,Short,29.0,6335.05,23182.0
2024-01-29 17:23:13.306612,Long,71.0,15398.15,53298.0
2024-01-29 17:23:19.754908,Short,29.0,6335.05,23182.0
2024-01-29 17:23:19.754908,Long,71.0,15398.15,53298.0
2024-01-29 17:23:25.874106,Short,29.0,6335.05,23182.0
2024-01-29 17:23:25.874106,Long,71.0,15398.15,53298.0
2024-01-29 17:23:32.089850,Short,29.0,6335.05,23182.0
2024-01-29 17:23:32.089850,Long,71.0,15398.15,53298.0
2024-01-29 17:23:38.299850,Short,29.0,6337.22,23190.0
2024-01-29 17:23:38.299850,Long,71.0,15388.55,53261.0
2024-01-29 17:23:44.436450,Short,29.0,6337.22,23190.0
2024-01-29 17:23:44.436450,Long,71.0,15388.55,53261.0
2024-01-29 17:23:50.746154,Short,29.0,6337.22,23190.0
2024-01-29 17:23:50.746154,Long,71.0,15388.55,53261.0
2024-01-29 17:23:56.835031,Short,29.0,6337.22,23190.0
2024-01-29 17:23:56.835031,Long,71.0,15388.55,53261.0
2024-01-29 17:24:02.959453,Short,29.0,6337.22,23190.0
2024-01-29 17:24:02.959453,Long,71.0,15388.55,53261.0
2024-01-29 17:24:09.276218,Short,29.0,6337.22,23190.0
2024-01-29 17:24:09.276218,Long,71.0,15388.55,53261.0
2024-01-29 17:24:15.441657,Short,29.0,6337.22,23190.0
2024-01-29 17:24:15.441657,Long,71.0,15388.55,53261.0
2024-01-29 17:24:21.574589,Short,29.0,6337.22,23190.0
2024-01-29 17:24:21.574589,Long,71.0,15388.55,53261.0
2024-01-29 17:24:27.823605,Short,29.0,6337.22,23190.0
2024-01-29 17:24:27.823605,Long,71.0,15388.55,53261.0
2024-01-29 17:24:34.160377,Short,29.0,6337.22,23190.0
2024-01-29 17:24:34.160377,Long,71.0,15388.55,53261.0
2024-01-29 17:24:40.263260,Short,29.0,6339.02,23211.0
2024-01-29 17:24:40.263260,Long,71.0,15375.52,53235.0
2024-01-29 17:24:46.940711,Short,29.0,6339.02,23211.0
2024-01-29 17:24:46.940711,Long,71.0,15375.52,53235.0
2024-01-29 17:24:53.196332,Short,29.0,6339.02,23211.0
2024-01-29 17:24:53.196332,Long,71.0,15375.52,53235.0
2024-01-29 17:24:59.374252,Short,29.0,6339.02,23211.0
2024-01-29 17:24:59.374252,Long,71.0,15375.52,53235.0
2024-01-29 17:25:05.622794,Short,29.0,6339.02,23211.0
2024-01-29 17:25:05.622794,Long,71.0,15375.52,53235.0
2024-01-29 17:25:11.694650,Short,29.0,6339.02,23211.0
2024-01-29 17:25:11.694650,Long,71.0,15375.52,53235.0
2024-01-29 17:25:17.892530,Short,29.0,6339.02,23211.0
2024-01-29 17:25:17.892530,Long,71.0,15375.52,53235.0
2024-01-29 17:25:24.090507,Short,29.0,6339.02,23211.0
2024-01-29 17:25:24.090507,Long,71.0,15375.52,53235.0
2024-01-29 17:25:30.258357,Short,29.0,6339.02,23211.0
2024-01-29 17:25:30.258357,Long,71.0,15375.52,53235.0
2024-01-29 17:25:36.665566,Short,29.0,6339.02,23211.0
2024-01-29 17:25:36.665566,Long,71.0,15375.52,53235.0
2024-01-29 17:25:42.763941,Short,29.0,6343.24,23199.0
2024-01-29 17:25:42.763941,Long,71.0,15361.21,53148.0
2024-01-29 17:25:48.866696,Short,29.0,6343.24,23199.0
2024-01-29 17:25:48.866696,Long,71.0,15361.21,53148.0
2024-01-29 17:25:54.911673,Short,29.0,6343.24,23199.0
2024-01-29 17:25:54.911673,Long,71.0,15361.21,53148.0
2024-01-29 17:26:01.139851,Short,29.0,6343.24,23199.0
2024-01-29 17:26:01.139851,Long,71.0,15361.21,53148.0
2024-01-29 17:26:07.641517,Short,29.0,6343.24,23199.0
2024-01-29 17:26:07.641517,Long,71.0,15361.21,53148.0
2024-01-29 17:26:13.957447,Short,29.0,6343.24,23199.0
2024-01-29 17:26:13.957447,Long,71.0,15361.21,53148.0
2024-01-29 17:26:20.252913,Short,29.0,6343.24,23199.0
2024-01-29 17:26:20.252913,Long,71.0,15361.21,53148.0
2024-01-29 17:26:27.159156,Short,29.0,6343.24,23199.0
2024-01-29 17:26:27.159156,Long,71.0,15361.21,53148.0
2024-01-29 17:26:33.292796,Short,29.0,6343.24,23199.0
2024-01-29 17:26:33.292796,Long,71.0,15361.21,53148.0
2024-01-29 17:26:39.602701,Short,29.0,6343.24,23199.0
2024-01-29 17:26:39.602701,Long,71.0,15361.21,53148.0
2024-01-29 17:26:45.927783,Short,29.0,6341.26,23191.0
2024-01-29 17:26:45.927783,Long,71.0,15329.26,53042.0
2024-01-29 17:26:52.093715,Short,29.0,6341.26,23191.0
2024-01-29 17:26:52.093715,Long,71.0,15329.26,53042.0
2024-01-29 17:26:58.322076,Short,29.0,6341.26,23191.0
2024-01-29 17:26:58.322076,Long,71.0,15329.26,53042.0
2024-01-29 17:27:04.503511,Short,29.0,6341.26,23191.0
2024-01-29 17:27:04.503511,Long,71.0,15329.26,53042.0
2024-01-29 17:27:10.605983,Short,29.0,6341.26,23191.0
2024-01-29 17:27:10.605983,Long,71.0,15329.26,53042.0
2024-01-29 17:27:45.329116,Short,29.0,6341.26,23191.0
2024-01-29 17:27:45.329116,Long,71.0,15329.26,53042.0
2024-01-29 17:28:32.089087,Short,29.0,6338.46,23181.0
2024-01-29 17:28:32.089087,Long,71.0,15329.96,52993.0
2024-01-29 17:29:09.343066,Short,29.0,6336.6,23152.0
2024-01-29 17:29:09.343066,Long,71.0,15300.54,52899.0
2024-01-29 17:30:09.820934,Short,29.0,6332.74,23133.0
2024-01-29 17:30:09.820934,Long,71.0,15210.44,52640.0
2024-01-29 17:30:23.543607,Short,29.0,6332.74,23133.0
2024-01-29 17:30:23.543607,Long,71.0,15210.44,52640.0
2024-01-29 17:30:32.877859,Short,29.0,6332.74,23133.0
2024-01-29 17:30:32.877859,Long,71.0,15210.44,52640.0
2024-01-29 17:30:39.912464,Short,29.0,6332.74,23133.0
2024-01-29 17:30:39.912464,Long,71.0,15210.44,52640.0
2024-01-29 17:30:46.405584,Short,29.0,6332.74,23133.0
2024-01-29 17:30:46.405584,Long,71.0,15210.44,52640.0
2024-01-29 17:30:52.848388,Short,29.0,6299.36,23072.0
2024-01-29 17:30:52.848388,Long,71.0,15200.12,52561.0
2024-01-29 17:30:59.294693,Short,29.0,6299.36,23072.0
2024-01-29 17:30:59.294693,Long,71.0,15200.12,52561.0
2024-01-29 17:31:05.803700,Short,29.0,6299.36,23072.0
2024-01-29 17:31:05.803700,Long,71.0,15200.12,52561.0
2024-01-29 17:31:12.659432,Short,29.0,6299.36,23072.0
2024-01-29 17:31:12.659432,Long,71.0,15200.12,52561.0
2024-01-29 17:31:19.487237,Short,29.0,6299.36,23072.0
2024-01-29 17:31:19.487237,Long,71.0,15200.12,52561.0
2024-01-29 17:31:25.939388,Short,29.0,6299.36,23072.0
2024-01-29 17:31:25.939388,Long,71.0,15200.12,52561.0
2024-01-29 17:31:33.077459,Short,29.0,6299.36,23072.0
2024-01-29 17:31:33.077459,Long,71.0,15200.12,52561.0
2024-01-29 17:31:39.527629,Short,29.0,6299.36,23072.0
2024-01-29 17:31:39.527629,Long,71.0,15200.12,52561.0
2024-01-29 17:31:46.469774,Short,29.0,6299.36,23072.0
2024-01-29 17:31:46.469774,Long,71.0,15200.12,52561.0
2024-01-29 17:31:53.267444,Short,29.0,6299.36,23072.0
2024-01-29 17:31:53.267444,Long,71.0,15200.12,52561.0
2024-01-29 17:32:00.487439,Short,29.0,6299.36,23072.0
2024-01-29 17:32:00.487439,Long,71.0,15200.12,52561.0
2024-01-29 17:32:07.654740,Short,29.0,6299.36,23072.0
2024-01-29 17:32:07.654740,Long,71.0,15200.12,52561.0
2024-01-29 17:32:14.671803,Short,29.0,6299.36,23072.0
2024-01-29 17:32:14.671803,Long,71.0,15200.12,52561.0
2024-01-29 17:32:21.702985,Short,29.0,6299.36,23072.0
2024-01-29 17:32:21.702985,Long,71.0,15200.12,52561.0
2024-01-29 17:32:28.860280,Short,29.0,6299.36,23072.0
2024-01-29 17:32:28.860280,Long,71.0,15200.12,52561.0
2024-01-29 17:32:36.009174,Short,29.0,6299.36,23072.0
2024-01-29 17:32:36.009174,Long,71.0,15200.12,52561.0
2024-01-29 17:32:42.875715,Short,29.0,6299.36,23072.0
2024-01-29 17:32:42.875715,Long,71.0,15200.12,52561.0
2024-01-29 17:32:49.846184,Short,29.0,6299.36,23072.0
2024-01-29 17:32:49.846184,Long,71.0,15200.12,52561.0
2024-01-29 17:32:56.698448,Short,29.0,6299.36,23072.0
2024-01-29 17:32:56.698448,Long,71.0,15200.12,52561.0
2024-01-29 17:33:03.407330,Short,29.0,6299.36,23072.0
2024-01-29 17:33:03.407330,Long,71.0,15200.12,52561.0
2024-01-29 17:33:10.337738,Short,29.0,6299.36,23072.0
2024-01-29 17:33:10.337738,Long,71.0,15200.12,52561.0
2024-01-29 17:33:17.118739,Short,29.0,6301.23,23078.0
2024-01-29 17:33:17.118739,Long,71.0,15179.48,52504.0
2024-01-29 17:33:23.983763,Short,29.0,6301.23,23078.0
2024-01-29 17:33:23.983763,Long,71.0,15179.48,52504.0
2024-01-29 17:33:30.794189,Short,29.0,6301.23,23078.0
2024-01-29 17:33:30.794189,Long,71.0,15179.48,52504.0
2024-01-29 17:33:38.045916,Short,29.0,6301.23,23078.0
2024-01-29 17:33:38.045916,Long,71.0,15179.48,52504.0
2024-01-29 17:33:44.770329,Short,29.0,6301.23,23078.0
2024-01-29 17:33:44.770329,Long,71.0,15179.48,52504.0
2024-01-29 17:33:46.986927,Short,29.0,6301.23,23078.0
2024-01-29 17:33:46.986927,Long,71.0,15179.48,52504.0
2024-01-29 17:33:53.389209,Short,29.0,6301.23,23078.0
2024-01-29 17:33:53.389209,Long,71.0,15179.48,52504.0
2024-01-29 17:33:59.869584,Short,29.0,6301.23,23078.0
2024-01-29 17:33:59.869584,Long,71.0,15179.48,52504.0
2024-01-29 17:34:06.291404,Short,29.0,6301.23,23078.0
2024-01-29 17:34:06.291404,Long,71.0,15179.48,52504.0
2024-01-29 17:34:13.262000,Short,29.0,6301.23,23078.0
2024-01-29 17:34:13.262000,Long,71.0,15179.48,52504.0
2024-01-29 17:34:20.086094,Short,29.0,6301.23,23078.0
2024-01-29 17:34:20.086094,Long,71.0,15179.48,52504.0
2024-01-29 17:34:26.839993,Short,29.0,6301.23,23078.0
2024-01-29 17:34:26.839993,Long,71.0,15179.48,52504.0
2024-01-29 17:34:33.692153,Short,29.0,6301.23,23078.0
2024-01-29 17:34:33.692153,Long,71.0,15179.48,52504.0
2024-01-29 17:34:40.467161,Short,29.0,6301.23,23078.0
2024-01-29 17:34:40.467161,Long,71.0,15179.48,52504.0
2024-01-29 17:34:47.200739,Short,29.0,6301.23,23078.0
2024-01-29 17:34:47.200739,Long,71.0,15179.48,52504.0
2024-01-29 17:34:54.402719,Short,29.0,6301.23,23078.0
2024-01-29 17:34:54.402719,Long,71.0,15179.48,52504.0
2024-01-29 17:35:01.252372,Short,29.0,6301.23,23078.0
2024-01-29 17:35:01.252372,Long,71.0,15179.48,52504.0
2024-01-29 17:35:08.182777,Short,29.0,6301.23,23078.0
2024-01-29 17:35:08.182777,Long,71.0,15179.48,52504.0
2024-01-29 17:35:14.770795,Short,29.0,6301.23,23078.0
2024-01-29 17:35:14.770795,Long,71.0,15179.48,52504.0
2024-01-29 17:35:21.480781,Short,29.0,6301.23,23078.0
2024-01-29 17:35:21.480781,Long,71.0,15179.48,52504.0
2024-01-29 17:35:28.067410,Short,29.0,6301.23,23078.0
2024-01-29 17:35:28.067410,Long,71.0,15179.48,52504.0
2024-01-29 17:35:34.799377,Short,29.0,6301.23,23078.0
2024-01-29 17:35:34.799377,Long,71.0,15179.48,52504.0
2024-01-29 17:35:41.930501,Short,29.0,6301.23,23078.0
2024-01-29 17:35:41.930501,Long,71.0,15179.48,52504.0
2024-01-29 17:35:49.141794,Short,29.0,6301.23,23078.0
2024-01-29 17:35:49.141794,Long,71.0,15179.48,52504.0
2024-01-29 17:35:55.953452,Short,29.0,6301.23,23078.0
2024-01-29 17:35:55.953452,Long,71.0,15179.48,52504.0
2024-01-29 17:36:02.762677,Short,29.0,6301.23,23078.0
2024-01-29 17:36:02.762677,Long,71.0,15179.05,52503.0
2024-01-29 17:36:09.513423,Short,29.0,6301.23,23078.0
2024-01-29 17:36:09.513423,Long,71.0,15179.05,52503.0
2024-01-29 17:36:16.932815,Short,29.0,6301.23,23078.0
2024-01-29 17:36:16.932815,Long,71.0,15179.05,52503.0
2024-01-29 17:36:24.200676,Short,29.0,6301.23,23078.0
2024-01-29 17:36:24.200676,Long,71.0,15179.05,52503.0
2024-01-29 17:36:31.354487,Short,29.0,6301.23,23078.0
2024-01-29 17:36:31.354487,Long,71.0,15179.05,52503.0
2024-01-29 17:36:38.687075,Short,29.0,6301.23,23078.0
2024-01-29 17:36:38.687075,Long,71.0,15179.05,52503.0
2024-01-29 17:36:45.756177,Short,29.0,6301.23,23078.0
2024-01-29 17:36:45.756177,Long,71.0,15179.05,52503.0
2024-01-29 17:36:53.567353,Short,29.0,6301.23,23078.0
2024-01-29 17:36:53.567353,Long,71.0,15179.05,52503.0
2024-01-29 17:37:00.851490,Short,29.0,6301.23,23078.0
2024-01-29 17:37:00.851490,Long,71.0,15179.05,52503.0
2024-01-29 17:37:08.145557,Short,29.0,6301.23,23078.0
2024-01-29 17:37:08.145557,Long,71.0,15179.05,52503.0
2024-01-29 17:37:15.379008,Short,29.0,6301.23,23078.0
2024-01-29 17:37:15.379008,Long,71.0,15179.05,52503.0
2024-01-29 17:37:22.690254,Short,29.0,6301.23,23078.0
2024-01-29 17:37:22.690254,Long,71.0,15179.05,52503.0
2024-01-29 17:37:30.626435,Short,29.0,6301.23,23078.0
2024-01-29 17:37:30.626435,Long,71.0,15179.05,52503.0
2024-01-29 17:37:37.827952,Short,29.0,6301.23,23078.0
2024-01-29 17:37:37.827952,Long,71.0,15179.05,52503.0
2024-01-29 17:37:44.897887,Short,29.0,6301.23,23078.0
2024-01-29 17:37:44.897887,Long,71.0,15179.05,52503.0
2024-01-29 17:37:51.686820,Short,30.0,6295.46,23082.0
2024-01-29 17:37:51.686820,Long,70.0,14964.32,52407.0
2024-01-29 17:37:58.935888,Short,30.0,6295.46,23082.0
2024-01-29 17:37:58.935888,Long,70.0,14964.32,52407.0
2024-01-29 17:38:05.789152,Short,30.0,6295.46,23082.0
2024-01-29 17:38:05.789152,Long,70.0,14964.32,52407.0
2024-01-29 17:38:13.759329,Short,30.0,6295.46,23082.0
2024-01-29 17:38:13.759329,Long,70.0,14964.32,52407.0
2024-01-29 17:38:21.110318,Short,30.0,6295.46,23082.0
2024-01-29 17:38:21.110318,Long,70.0,14964.32,52407.0
2024-01-29 17:38:28.195660,Short,30.0,6295.46,23082.0
2024-01-29 17:38:28.195660,Long,70.0,14964.32,52407.0
2024-01-29 17:38:35.547878,Short,30.0,6295.46,23082.0
2024-01-29 17:38:35.547878,Long,70.0,14964.32,52407.0
2024-01-29 17:38:43.887565,Short,30.0,6295.46,23082.0
2024-01-29 17:38:43.887565,Long,70.0,14964.32,52407.0
2024-01-29 17:38:51.092424,Short,30.0,6295.46,23082.0
2024-01-29 17:38:51.092424,Long,70.0,14964.32,52407.0
2024-01-29 17:38:58.334915,Short,31.0,6310.55,23068.0
2024-01-29 17:38:58.334915,Long,69.0,14173.58,51735.0
2024-01-29 17:39:05.566443,Short,31.0,6310.55,23068.0
2024-01-29 17:39:05.566443,Long,69.0,14173.58,51735.0
2024-01-29 17:39:12.944831,Short,31.0,6310.55,23068.0
2024-01-29 17:39:12.944831,Long,69.0,14173.58,51735.0
2024-01-29 17:39:20.500774,Short,31.0,6310.55,23068.0
2024-01-29 17:39:20.500774,Long,69.0,14173.58,51735.0
2024-01-29 17:39:29.313809,Short,31.0,6310.55,23068.0
2024-01-29 17:39:29.313809,Long,69.0,14173.58,51735.0
2024-01-29 17:39:36.723192,Short,31.0,6310.55,23068.0
2024-01-29 17:39:36.723192,Long,69.0,14173.58,51735.0
2024-01-29 17:39:44.050645,Short,31.0,6310.55,23068.0
2024-01-29 17:39:44.050645,Long,69.0,14173.58,51735.0
2024-01-29 17:39:51.333883,Short,31.0,6310.55,23068.0
2024-01-29 17:39:51.333883,Long,69.0,14173.58,51735.0
2024-01-29 17:39:58.829654,Short,31.0,6309.89,23064.0
2024-01-29 17:39:58.829654,Long,69.0,13842.81,51560.0
2024-01-29 17:40:06.449196,Short,31.0,6309.89,23064.0
2024-01-29 17:40:06.449196,Long,69.0,13842.81,51560.0
2024-01-29 17:40:14.248177,Short,31.0,6309.89,23064.0
2024-01-29 17:40:14.248177,Long,69.0,13842.81,51560.0
2024-01-29 17:40:22.040804,Short,31.0,6309.89,23064.0
2024-01-29 17:40:22.040804,Long,69.0,13842.81,51560.0
2024-01-29 17:40:30.364701,Short,31.0,6309.89,23064.0
2024-01-29 17:40:30.364701,Long,69.0,13842.81,51560.0
2024-01-29 17:40:37.749383,Short,31.0,6309.89,23064.0
2024-01-29 17:40:37.749383,Long,69.0,13842.81,51560.0
2024-01-29 17:40:44.958126,Short,31.0,6309.89,23064.0
2024-01-29 17:40:44.958126,Long,69.0,13842.81,51560.0
2024-01-29 17:40:52.193062,Short,31.0,6309.89,23064.0
2024-01-29 17:40:52.193062,Long,69.0,13842.81,51560.0
2024-01-29 17:40:59.792637,Short,31.0,6312.5,23062.0
2024-01-29 17:40:59.792637,Long,69.0,13842.29,51539.0
2024-01-29 17:41:07.029615,Short,31.0,6312.5,23062.0
2024-01-29 17:41:07.029615,Long,69.0,13842.29,51539.0
2024-01-29 17:41:13.718878,Short,31.0,6312.5,23062.0
2024-01-29 17:41:13.718878,Long,69.0,13842.29,51539.0
2024-01-29 17:41:21.352142,Short,31.0,6312.5,23062.0
2024-01-29 17:41:21.352142,Long,69.0,13842.29,51539.0
2024-01-29 17:41:27.778683,Short,31.0,6312.5,23062.0
2024-01-29 17:41:27.778683,Long,69.0,13842.29,51539.0
2024-01-29 17:41:34.207900,Short,31.0,6312.5,23062.0
2024-01-29 17:41:34.207900,Long,69.0,13842.29,51539.0
2024-01-29 17:41:40.704209,Short,31.0,6312.5,23062.0
2024-01-29 17:41:40.704209,Long,69.0,13842.29,51539.0
2024-01-29 17:41:47.223901,Short,31.0,6312.5,23062.0
2024-01-29 17:41:47.223901,Long,69.0,13842.29,51539.0
2024-01-29 17:41:53.768454,Short,31.0,6312.5,23062.0
2024-01-29 17:41:53.768454,Long,69.0,13842.29,51539.0
2024-01-29 17:42:00.199795,Short,31.0,6311.75,23061.0
2024-01-29 17:42:00.199795,Long,69.0,13828.56,51474.0
2024-01-29 17:42:06.685923,Short,31.0,6311.75,23061.0
2024-01-29 17:42:06.685923,Long,69.0,13828.56,51474.0
2024-01-29 17:42:13.504532,Short,31.0,6311.75,23061.0
2024-01-29 17:42:13.504532,Long,69.0,13828.56,51474.0
2024-01-29 17:42:19.975648,Short,31.0,6311.75,23061.0
2024-01-29 17:42:19.975648,Long,69.0,13828.56,51474.0
2024-01-29 17:42:29.397764,Short,31.0,6311.75,23061.0
2024-01-29 17:42:29.397764,Long,69.0,13828.56,51474.0
2024-01-29 17:42:36.132967,Short,31.0,6311.75,23061.0
2024-01-29 17:42:36.132967,Long,69.0,13828.56,51474.0
2024-01-29 17:42:43.341025,Short,31.0,6311.75,23061.0
2024-01-29 17:42:43.341025,Long,69.0,13828.56,51474.0
2024-01-29 17:42:50.510509,Short,31.0,6311.75,23061.0
2024-01-29 17:42:50.510509,Long,69.0,13828.56,51474.0
2024-01-29 17:42:52.526352,Short,31.0,6311.75,23061.0
2024-01-29 17:42:52.526352,Long,69.0,13828.56,51474.0
2024-01-29 17:42:59.313203,Short,31.0,6311.95,23063.0
2024-01-29 17:42:59.313203,Long,69.0,13826.86,51467.0
2024-01-29 17:43:05.758035,Short,31.0,6311.95,23063.0
2024-01-29 17:43:05.758035,Long,69.0,13826.86,51467.0
2024-01-29 17:43:12.255966,Short,31.0,6311.95,23063.0
2024-01-29 17:43:12.255966,Long,69.0,13826.86,51467.0
2024-01-29 17:43:18.605831,Short,31.0,6311.95,23063.0
2024-01-29 17:43:18.605831,Long,69.0,13826.86,51467.0
2024-01-29 17:43:25.444612,Short,31.0,6311.95,23063.0
2024-01-29 17:43:25.444612,Long,69.0,13826.86,51467.0
2024-01-29 17:43:32.490853,Short,31.0,6311.95,23063.0
2024-01-29 17:43:32.490853,Long,69.0,13826.86,51467.0
2024-01-29 17:43:38.577603,Short,31.0,6311.95,23063.0
2024-01-29 17:43:38.577603,Long,69.0,13826.86,51467.0
2024-01-29 17:43:44.666241,Short,31.0,6311.95,23063.0
2024-01-29 17:43:44.666241,Long,69.0,13826.86,51467.0
2024-01-29 17:43:50.796498,Short,31.0,6311.95,23063.0
2024-01-29 17:43:50.796498,Long,69.0,13826.86,51467.0
2024-01-29 17:43:57.127943,Short,31.0,6311.95,23063.0
2024-01-29 17:43:57.127943,Long,69.0,13826.86,51467.0
2024-01-29 17:44:03.242770,Short,31.0,6312.04,23058.0
2024-01-29 17:44:03.242770,Long,69.0,13755.66,51309.0
2024-01-29 17:44:09.334776,Short,31.0,6312.04,23058.0
2024-01-29 17:44:09.334776,Long,69.0,13755.66,51309.0
2024-01-29 17:44:15.418173,Short,31.0,6312.04,23058.0
2024-01-29 17:44:15.418173,Long,69.0,13755.66,51309.0
2024-01-29 17:44:21.561485,Short,31.0,6312.04,23058.0
2024-01-29 17:44:21.561485,Long,69.0,13755.66,51309.0
2024-01-29 17:44:27.892476,Short,31.0,6312.04,23058.0
2024-01-29 17:44:27.892476,Long,69.0,13755.66,51309.0
2024-01-29 17:44:34.053604,Short,31.0,6312.04,23058.0
2024-01-29 17:44:34.053604,Long,69.0,13755.66,51309.0
2024-01-29 17:44:40.314556,Short,31.0,6312.04,23058.0
2024-01-29 17:44:40.314556,Long,69.0,13755.66,51309.0
2024-01-29 17:44:46.878801,Short,31.0,6312.04,23058.0
2024-01-29 17:44:46.878801,Long,69.0,13755.66,51309.0
2024-01-29 17:44:53.313253,Short,31.0,6312.04,23058.0
2024-01-29 17:44:53.313253,Long,69.0,13755.66,51309.0
2024-01-29 17:44:59.767248,Short,31.0,6312.04,23058.0
2024-01-29 17:44:59.767248,Long,69.0,13755.66,51309.0
2024-01-29 17:45:06.742057,Short,31.0,6315.46,23044.0
2024-01-29 17:45:06.742057,Long,69.0,13754.13,51318.0
2024-01-29 17:45:12.957218,Short,31.0,6315.46,23044.0
2024-01-29 17:45:12.957218,Long,69.0,13754.13,51318.0
2024-01-29 17:45:19.309792,Short,31.0,6315.46,23044.0
2024-01-29 17:45:19.309792,Long,69.0,13754.13,51318.0
2024-01-29 17:45:25.446981,Short,31.0,6315.46,23044.0
2024-01-29 17:45:25.446981,Long,69.0,13754.13,51318.0
2024-01-29 17:45:31.735689,Short,31.0,6315.46,23044.0
2024-01-29 17:45:31.735689,Long,69.0,13754.13,51318.0
2024-01-29 17:45:38.032659,Short,31.0,6315.46,23044.0
2024-01-29 17:45:38.032659,Long,69.0,13754.13,51318.0
2024-01-29 17:45:44.122078,Short,31.0,6315.46,23044.0
2024-01-29 17:45:44.122078,Long,69.0,13754.13,51318.0
2024-01-29 17:45:50.265005,Short,31.0,6315.46,23044.0
2024-01-29 17:45:50.265005,Long,69.0,13754.13,51318.0
2024-01-29 17:45:56.376577,Short,31.0,6315.46,23044.0
2024-01-29 17:45:56.376577,Long,69.0,13754.13,51318.0
2024-01-29 17:46:02.535771,Short,31.0,6315.46,23044.0
2024-01-29 17:46:02.535771,Long,69.0,13754.13,51318.0
2024-01-29 17:46:08.657407,Short,31.0,6318.58,23029.0
2024-01-29 17:46:08.657407,Long,69.0,13749.02,51278.0
2024-01-29 17:46:14.791675,Short,31.0,6318.58,23029.0
2024-01-29 17:46:14.791675,Long,69.0,13749.02,51278.0
2024-01-29 17:46:21.275456,Short,31.0,6318.58,23029.0
2024-01-29 17:46:21.275456,Long,69.0,13749.02,51278.0
2024-01-29 17:46:27.564571,Short,31.0,6318.58,23029.0
2024-01-29 17:46:27.564571,Long,69.0,13749.02,51278.0
2024-01-29 17:46:33.681901,Short,31.0,6318.58,23029.0
2024-01-29 17:46:33.681901,Long,69.0,13749.02,51278.0
2024-01-29 17:46:39.798349,Short,31.0,6318.58,23029.0
2024-01-29 17:46:39.798349,Long,69.0,13749.02,51278.0
2024-01-29 17:46:46.332332,Short,31.0,6318.58,23029.0
2024-01-29 17:46:46.332332,Long,69.0,13749.02,51278.0
2024-01-29 17:46:52.612555,Short,31.0,6318.58,23029.0
2024-01-29 17:46:52.612555,Long,69.0,13749.02,51278.0
2024-01-29 17:46:58.692994,Short,31.0,6318.58,23029.0
2024-01-29 17:46:58.692994,Long,69.0,13749.02,51278.0
2024-01-29 17:47:05.217207,Short,31.0,6318.58,23029.0
2024-01-29 17:47:05.217207,Long,69.0,13749.02,51278.0
2024-01-29 17:47:11.351329,Short,32.0,6315.53,23012.0
2024-01-29 17:47:11.351329,Long,68.0,13565.46,51226.0
2024-01-29 17:47:17.435113,Short,32.0,6315.53,23012.0
2024-01-29 17:47:17.435113,Long,68.0,13565.46,51226.0
2024-01-29 17:47:23.520210,Short,32.0,6315.53,23012.0
2024-01-29 17:47:23.520210,Long,68.0,13565.46,51226.0
2024-01-29 17:47:29.624038,Short,32.0,6315.53,23012.0
2024-01-29 17:47:29.624038,Long,68.0,13565.46,51226.0
2024-01-29 17:47:35.775346,Short,32.0,6315.53,23012.0
2024-01-29 17:47:35.775346,Long,68.0,13565.46,51226.0
2024-01-29 17:47:42.063524,Short,32.0,6315.53,23012.0
2024-01-29 17:47:42.063524,Long,68.0,13565.46,51226.0
2024-01-29 17:47:48.230486,Short,32.0,6315.53,23012.0
2024-01-29 17:47:48.230486,Long,68.0,13565.46,51226.0
2024-01-29 17:47:54.371784,Short,32.0,6315.53,23012.0
2024-01-29 17:47:54.371784,Long,68.0,13565.46,51226.0
2024-01-29 17:48:01.077159,Short,32.0,6315.53,23012.0
2024-01-29 17:48:01.077159,Long,68.0,13565.46,51226.0
2024-01-29 17:48:07.403635,Short,32.0,6313.33,22996.0
2024-01-29 17:48:07.403635,Long,68.0,13392.59,51181.0
2024-01-29 17:48:13.700756,Short,32.0,6313.33,22996.0
2024-01-29 17:48:13.700756,Long,68.0,13392.59,51181.0
2024-01-29 17:48:19.950873,Short,32.0,6313.33,22996.0
2024-01-29 17:48:19.950873,Long,68.0,13392.59,51181.0
2024-01-29 17:48:26.394030,Short,32.0,6313.33,22996.0
2024-01-29 17:48:26.394030,Long,68.0,13392.59,51181.0
2024-01-29 17:48:32.648511,Short,32.0,6313.33,22996.0
2024-01-29 17:48:32.648511,Long,68.0,13392.59,51181.0
2024-01-29 17:48:39.972261,Short,32.0,6313.33,22996.0
2024-01-29 17:48:39.972261,Long,68.0,13392.59,51181.0
2024-01-29 17:48:46.753292,Short,32.0,6313.33,22996.0
2024-01-29 17:48:46.753292,Long,68.0,13392.59,51181.0
2024-01-29 17:48:53.450301,Short,32.0,6313.33,22996.0
2024-01-29 17:48:53.450301,Long,68.0,13392.59,51181.0
2024-01-29 17:49:00.459307,Short,32.0,6313.33,22996.0
2024-01-29 17:49:00.459307,Long,68.0,13392.59,51181.0
2024-01-29 17:49:07.492403,Short,32.0,6313.33,22996.0
2024-01-29 17:49:07.492403,Long,68.0,13392.59,51181.0
2024-01-29 17:49:14.244454,Short,32.0,6310.94,22958.0
2024-01-29 17:49:14.244454,Long,68.0,13209.86,51074.0
2024-01-29 17:49:21.269377,Short,32.0,6310.94,22958.0
2024-01-29 17:49:21.269377,Long,68.0,13209.86,51074.0
2024-01-29 17:49:28.720862,Short,32.0,6310.94,22958.0
2024-01-29 17:49:28.720862,Long,68.0,13209.86,51074.0
2024-01-29 17:49:35.792214,Short,32.0,6310.94,22958.0
2024-01-29 17:49:35.792214,Long,68.0,13209.86,51074.0
2024-01-29 17:49:42.052458,Short,32.0,6310.94,22958.0
2024-01-29 17:49:42.052458,Long,68.0,13209.86,51074.0
2024-01-29 17:49:48.692796,Short,32.0,6310.94,22958.0
2024-01-29 17:49:48.692796,Long,68.0,13209.86,51074.0
2024-01-29 17:49:54.926352,Short,32.0,6310.94,22958.0
2024-01-29 17:49:54.926352,Long,68.0,13209.86,51074.0
2024-01-29 17:50:02.038284,Short,32.0,6310.94,22958.0
2024-01-29 17:50:02.038284,Long,68.0,13209.86,51074.0
2024-01-29 17:50:08.157505,Short,32.0,6310.94,22958.0
2024-01-29 17:50:08.157505,Long,68.0,13209.86,51074.0
2024-01-29 17:50:14.361410,Short,32.0,6309.1,22947.0
2024-01-29 17:50:14.361410,Long,68.0,13215.34,51101.0
2024-01-29 17:50:20.668188,Short,32.0,6309.1,22947.0
2024-01-29 17:50:20.668188,Long,68.0,13215.34,51101.0
2024-01-29 17:50:26.781160,Short,32.0,6309.1,22947.0
2024-01-29 17:50:26.781160,Long,68.0,13215.34,51101.0
2024-01-29 17:50:32.897840,Short,32.0,6309.1,22947.0
2024-01-29 17:50:32.897840,Long,68.0,13215.34,51101.0
2024-01-29 17:50:38.999443,Short,32.0,6309.1,22947.0
2024-01-29 17:50:38.999443,Long,68.0,13215.34,51101.0
2024-01-29 17:50:45.118333,Short,32.0,6309.1,22947.0
2024-01-29 17:50:45.118333,Long,68.0,13215.34,51101.0
2024-01-29 17:50:51.561028,Short,32.0,6309.1,22947.0
2024-01-29 17:50:51.561028,Long,68.0,13215.34,51101.0
2024-01-29 17:50:57.696536,Short,32.0,6309.1,22947.0
2024-01-29 17:50:57.696536,Long,68.0,13215.34,51101.0
2024-01-29 17:51:04.814685,Short,32.0,6309.1,22947.0
2024-01-29 17:51:04.814685,Long,68.0,13215.34,51101.0
2024-01-29 17:51:11.001969,Short,32.0,6309.1,22947.0
2024-01-29 17:51:11.001969,Long,68.0,13215.34,51101.0
2024-01-29 17:51:17.161945,Short,32.0,6306.08,22932.0
2024-01-29 17:51:17.161945,Long,68.0,13217.63,51127.0
2024-01-29 17:51:23.602794,Short,32.0,6306.08,22932.0
2024-01-29 17:51:23.602794,Long,68.0,13217.63,51127.0
2024-01-29 17:51:30.019750,Short,32.0,6306.08,22932.0
2024-01-29 17:51:30.019750,Long,68.0,13217.63,51127.0
2024-01-29 17:51:36.481674,Short,32.0,6306.08,22932.0
2024-01-29 17:51:36.481674,Long,68.0,13217.63,51127.0
2024-01-29 17:51:42.631103,Short,32.0,6306.08,22932.0
2024-01-29 17:51:42.631103,Long,68.0,13217.63,51127.0
2024-01-29 17:51:48.873176,Short,32.0,6306.08,22932.0
2024-01-29 17:51:48.873176,Long,68.0,13217.63,51127.0
2024-01-29 17:51:54.983572,Short,32.0,6306.08,22932.0
2024-01-29 17:51:54.983572,Long,68.0,13217.63,51127.0
2024-01-29 17:52:01.160604,Short,32.0,6306.08,22932.0
2024-01-29 17:52:01.160604,Long,68.0,13217.63,51127.0
2024-01-29 17:52:07.407071,Short,32.0,6306.08,22932.0
2024-01-29 17:52:07.407071,Long,68.0,13217.63,51127.0
2024-01-29 17:52:13.517737,Short,33.0,6307.53,22894.0
2024-01-29 17:52:13.517737,Long,67.0,12983.58,51023.0
2024-01-29 17:52:20.007490,Short,33.0,6307.53,22894.0
2024-01-29 17:52:20.007490,Long,67.0,12983.58,51023.0
2024-01-29 17:52:26.267044,Short,33.0,6307.53,22894.0
2024-01-29 17:52:26.267044,Long,67.0,12983.58,51023.0
2024-01-29 17:52:32.492627,Short,33.0,6307.53,22894.0
2024-01-29 17:52:32.492627,Long,67.0,12983.58,51023.0
2024-01-29 17:52:39.353626,Short,33.0,6307.53,22894.0
2024-01-29 17:52:39.353626,Long,67.0,12983.58,51023.0
2024-01-29 17:52:45.535905,Short,33.0,6307.53,22894.0
2024-01-29 17:52:45.535905,Long,67.0,12983.58,51023.0
2024-01-29 17:52:51.677976,Short,33.0,6307.53,22894.0
2024-01-29 17:52:51.677976,Long,67.0,12983.58,51023.0
2024-01-29 17:52:57.813782,Short,33.0,6307.53,22894.0
2024-01-29 17:52:57.813782,Long,67.0,12983.58,51023.0
2024-01-29 17:53:03.983759,Short,33.0,6307.53,22894.0
2024-01-29 17:53:03.983759,Long,67.0,12983.58,51023.0
2024-01-29 17:53:12.579401,Short,33.0,6307.53,22894.0
2024-01-29 17:53:12.579401,Long,67.0,12983.58,51023.0
2024-01-29 17:53:18.914540,Short,33.0,6304.41,22839.0
2024-01-29 17:53:18.914540,Long,67.0,12958.45,50962.0
2024-01-29 17:53:25.194451,Short,33.0,6304.41,22839.0
2024-01-29 17:53:25.194451,Long,67.0,12958.45,50962.0
2024-01-29 17:53:31.528158,Short,33.0,6304.41,22839.0
2024-01-29 17:53:31.528158,Long,67.0,12958.45,50962.0
2024-01-29 17:53:38.013945,Short,33.0,6304.41,22839.0
2024-01-29 17:53:38.013945,Long,67.0,12958.45,50962.0
2024-01-29 17:53:44.391446,Short,33.0,6304.41,22839.0
2024-01-29 17:53:44.391446,Long,67.0,12958.45,50962.0
2024-01-29 17:53:51.134393,Short,33.0,6304.41,22839.0
2024-01-29 17:53:51.134393,Long,67.0,12958.45,50962.0
2024-01-29 17:53:57.385023,Short,33.0,6304.41,22839.0
2024-01-29 17:53:57.385023,Long,67.0,12958.45,50962.0
2024-01-29 17:54:03.470269,Short,33.0,6304.41,22839.0
2024-01-29 17:54:03.470269,Long,67.0,12958.45,50962.0
2024-01-29 17:54:09.629692,Short,33.0,6304.41,22839.0
2024-01-29 17:54:09.629692,Long,67.0,12958.45,50962.0
2024-01-29 17:54:16.846013,Short,33.0,6304.14,22815.0
2024-01-29 17:54:16.846013,Long,67.0,12941.74,50905.0
2024-01-29 17:54:23.121850,Short,33.0,6304.14,22815.0
2024-01-29 17:54:23.121850,Long,67.0,12941.74,50905.0
2024-01-29 17:54:29.425596,Short,33.0,6304.14,22815.0
2024-01-29 17:54:29.425596,Long,67.0,12941.74,50905.0
2024-01-29 17:54:35.588040,Short,33.0,6304.14,22815.0
2024-01-29 17:54:35.588040,Long,67.0,12941.74,50905.0
2024-01-29 17:54:41.693615,Short,33.0,6304.14,22815.0
2024-01-29 17:54:41.693615,Long,67.0,12941.74,50905.0
2024-01-29 17:54:47.887351,Short,33.0,6304.14,22815.0
2024-01-29 17:54:47.887351,Long,67.0,12941.74,50905.0
2024-01-29 17:54:53.984640,Short,33.0,6304.14,22815.0
2024-01-29 17:54:53.984640,Long,67.0,12941.74,50905.0
2024-01-29 17:55:00.194916,Short,33.0,6304.14,22815.0
2024-01-29 17:55:00.194916,Long,67.0,12941.74,50905.0
2024-01-29 17:55:06.391537,Short,33.0,6304.14,22815.0
2024-01-29 17:55:06.391537,Long,67.0,12941.74,50905.0
2024-01-29 17:55:12.434376,Short,33.0,6304.14,22815.0
2024-01-29 17:55:12.434376,Long,67.0,12941.74,50905.0
2024-01-29 17:55:19.701746,Short,33.0,6299.18,22785.0
2024-01-29 17:55:19.701746,Long,67.0,12748.29,50853.0
2024-01-29 17:55:25.898976,Short,33.0,6299.18,22785.0
2024-01-29 17:55:25.898976,Long,67.0,12748.29,50853.0
2024-01-29 17:55:32.128862,Short,33.0,6299.18,22785.0
2024-01-29 17:55:32.128862,Long,67.0,12748.29,50853.0
2024-01-29 17:55:38.273229,Short,33.0,6299.18,22785.0
2024-01-29 17:55:38.273229,Long,67.0,12748.29,50853.0
2024-01-29 17:55:44.342928,Short,33.0,6299.18,22785.0
2024-01-29 17:55:44.342928,Long,67.0,12748.29,50853.0
2024-01-29 17:55:50.550883,Short,33.0,6299.18,22785.0
2024-01-29 17:55:50.550883,Long,67.0,12748.29,50853.0
2024-01-29 17:55:56.659575,Short,33.0,6299.18,22785.0
2024-01-29 17:55:56.659575,Long,67.0,12748.29,50853.0
2024-01-29 17:56:02.971436,Short,33.0,6299.18,22785.0
2024-01-29 17:56:02.971436,Long,67.0,12748.29,50853.0
2024-01-29 17:56:09.181577,Short,33.0,6299.18,22785.0
2024-01-29 17:56:09.181577,Long,67.0,12748.29,50853.0
2024-01-29 17:56:15.366795,Short,33.0,6299.18,22785.0
2024-01-29 17:56:15.366795,Long,67.0,12748.29,50853.0
2024-01-29 17:56:22.609977,Short,33.0,6296.68,22759.0
2024-01-29 17:56:22.609977,Long,67.0,12741.07,50859.0
2024-01-29 17:56:28.830727,Short,33.0,6296.68,22759.0
2024-01-29 17:56:28.830727,Long,67.0,12741.07,50859.0
2024-01-29 17:56:34.938749,Short,33.0,6296.68,22759.0
2024-01-29 17:56:34.938749,Long,67.0,12741.07,50859.0
2024-01-29 17:56:41.137880,Short,33.0,6296.68,22759.0
2024-01-29 17:56:41.137880,Long,67.0,12741.07,50859.0
2024-01-29 17:56:47.266395,Short,33.0,6296.68,22759.0
2024-01-29 17:56:47.266395,Long,67.0,12741.07,50859.0
2024-01-29 17:56:53.466854,Short,33.0,6296.68,22759.0
2024-01-29 17:56:53.466854,Long,67.0,12741.07,50859.0
2024-01-29 17:56:59.577483,Short,33.0,6296.68,22759.0
2024-01-29 17:56:59.577483,Long,67.0,12741.07,50859.0
2024-01-29 17:57:05.711227,Short,33.0,6296.68,22759.0
2024-01-29 17:57:05.711227,Long,67.0,12741.07,50859.0
2024-01-29 17:57:12.091957,Short,33.0,6296.68,22759.0
2024-01-29 17:57:12.091957,Long,67.0,12741.07,50859.0
2024-01-29 17:57:18.314643,Short,33.0,6296.68,22759.0
2024-01-29 17:57:18.314643,Long,67.0,12741.07,50859.0
2024-01-29 17:57:24.368439,Short,33.0,6278.17,22703.0
2024-01-29 17:57:24.368439,Long,67.0,12759.5,50866.0
2024-01-29 17:57:30.528529,Short,33.0,6278.17,22703.0
2024-01-29 17:57:30.528529,Long,67.0,12759.5,50866.0
2024-01-29 17:57:38.002206,Short,33.0,6278.17,22703.0
2024-01-29 17:57:38.002206,Long,67.0,12759.5,50866.0
2024-01-29 17:57:44.058987,Short,33.0,6278.17,22703.0
2024-01-29 17:57:44.058987,Long,67.0,12759.5,50866.0
2024-01-29 17:57:50.242795,Short,33.0,6278.17,22703.0
2024-01-29 17:57:50.242795,Long,67.0,12759.5,50866.0
2024-01-29 17:57:56.409760,Short,33.0,6278.17,22703.0
2024-01-29 17:57:56.409760,Long,67.0,12759.5,50866.0
2024-01-29 17:58:02.568785,Short,33.0,6278.17,22703.0
2024-01-29 17:58:02.568785,Long,67.0,12759.5,50866.0
2024-01-29 17:58:09.088217,Short,33.0,6278.17,22703.0
2024-01-29 17:58:09.088217,Long,67.0,12759.5,50866.0
2024-01-29 17:58:15.263798,Short,33.0,6278.17,22703.0
2024-01-29 17:58:15.263798,Long,67.0,12759.5,50866.0
2024-01-29 17:58:21.440847,Short,33.0,6278.17,22703.0
2024-01-29 17:58:21.440847,Long,67.0,12759.5,50866.0
2024-01-29 17:58:27.599576,Short,33.0,6278.03,22703.0
2024-01-29 17:58:27.599576,Long,67.0,12743.3,50869.0
2024-01-29 17:58:33.718027,Short,33.0,6278.03,22703.0
2024-01-29 17:58:33.718027,Long,67.0,12743.3,50869.0
2024-01-29 17:58:40.020258,Short,33.0,6278.03,22703.0
2024-01-29 17:58:40.020258,Long,67.0,12743.3,50869.0
2024-01-29 17:58:46.103135,Short,33.0,6278.03,22703.0
2024-01-29 17:58:46.103135,Long,67.0,12743.3,50869.0
2024-01-29 17:58:52.366101,Short,33.0,6278.03,22703.0
2024-01-29 17:58:52.366101,Long,67.0,12743.3,50869.0
2024-01-29 17:58:58.464700,Short,33.0,6278.03,22703.0
2024-01-29 17:58:58.464700,Long,67.0,12743.3,50869.0
2024-01-29 17:59:04.643146,Short,33.0,6278.03,22703.0
2024-01-29 17:59:04.643146,Long,67.0,12743.3,50869.0
2024-01-29 17:59:10.753212,Short,33.0,6278.03,22703.0
2024-01-29 17:59:10.753212,Long,67.0,12743.3,50869.0
2024-01-29 17:59:16.858275,Short,33.0,6278.03,22703.0
2024-01-29 17:59:16.858275,Long,67.0,12743.3,50869.0
2024-01-29 17:59:23.007310,Short,33.0,6278.03,22703.0
2024-01-29 17:59:23.007310,Long,67.0,12743.3,50869.0
2024-01-29 17:59:29.160929,Short,33.0,6277.81,22691.0
2024-01-29 17:59:29.160929,Long,67.0,12743.0,50872.0
2024-01-29 17:59:35.561215,Short,33.0,6277.81,22691.0
2024-01-29 17:59:35.561215,Long,67.0,12743.0,50872.0
2024-01-29 17:59:41.730160,Short,33.0,6277.81,22691.0
2024-01-29 17:59:41.730160,Long,67.0,12743.0,50872.0
2024-01-29 17:59:47.992481,Short,33.0,6277.81,22691.0
2024-01-29 17:59:47.992481,Long,67.0,12743.0,50872.0
2024-01-29 17:59:54.598129,Short,33.0,6277.81,22691.0
2024-01-29 17:59:54.598129,Long,67.0,12743.0,50872.0
2024-01-29 18:00:01.250929,Short,33.0,6277.81,22691.0
2024-01-29 18:00:01.250929,Long,67.0,12743.0,50872.0
2024-01-29 18:00:07.457029,Short,33.0,6277.81,22691.0
2024-01-29 18:00:07.457029,Long,67.0,12743.0,50872.0
2024-01-29 18:00:13.598752,Short,33.0,6277.81,22691.0
2024-01-29 18:00:13.598752,Long,67.0,12743.0,50872.0
2024-01-29 18:00:19.742700,Short,33.0,6277.81,22691.0
2024-01-29 18:00:19.742700,Long,67.0,12743.0,50872.0
2024-01-29 18:00:25.911892,Short,33.0,6277.81,22691.0
2024-01-29 18:00:25.911892,Long,67.0,12743.0,50872.0
2024-01-29 18:00:32.006698,Short,33.0,6277.63,22687.0
2024-01-29 18:00:32.006698,Long,67.0,12740.28,50876.0
2024-01-29 18:00:38.160068,Short,33.0,6277.63,22687.0
2024-01-29 18:00:38.160068,Long,67.0,12740.28,50876.0
2024-01-29 18:00:44.315787,Short,33.0,6277.63,22687.0
2024-01-29 18:00:44.315787,Long,67.0,12740.28,50876.0
2024-01-29 18:00:51.390077,Short,33.0,6277.63,22687.0
2024-01-29 18:00:51.390077,Long,67.0,12740.28,50876.0
2024-01-29 18:00:57.707035,Short,33.0,6277.63,22687.0
2024-01-29 18:00:57.707035,Long,67.0,12740.28,50876.0
2024-01-29 18:01:03.940100,Short,33.0,6277.63,22687.0
2024-01-29 18:01:03.940100,Long,67.0,12740.28,50876.0
2024-01-29 18:01:10.170956,Short,33.0,6277.63,22687.0
2024-01-29 18:01:10.170956,Long,67.0,12740.28,50876.0
2024-01-29 18:01:16.509929,Short,33.0,6277.63,22687.0
2024-01-29 18:01:16.509929,Long,67.0,12740.28,50876.0
2024-01-29 18:01:22.708615,Short,33.0,6277.63,22687.0
2024-01-29 18:01:22.708615,Long,67.0,12740.28,50876.0
2024-01-29 18:01:29.018100,Short,33.0,6277.63,22687.0
2024-01-29 18:01:29.018100,Long,67.0,12740.28,50876.0
2024-01-29 18:01:35.442718,Short,33.0,6277.58,22686.0
2024-01-29 18:01:35.442718,Long,67.0,12743.84,50896.0
2024-01-29 18:01:41.705291,Short,33.0,6277.58,22686.0
2024-01-29 18:01:41.705291,Long,67.0,12743.84,50896.0
2024-01-29 18:01:47.900420,Short,33.0,6277.58,22686.0
2024-01-29 18:01:47.900420,Long,67.0,12743.84,50896.0
2024-01-29 18:01:54.015943,Short,33.0,6277.58,22686.0
2024-01-29 18:01:54.015943,Long,67.0,12743.84,50896.0
2024-01-29 18:02:01.140135,Short,33.0,6277.58,22686.0
2024-01-29 18:02:01.140135,Long,67.0,12743.84,50896.0
2024-01-29 18:02:07.235792,Short,33.0,6277.58,22686.0
2024-01-29 18:02:07.235792,Long,67.0,12743.84,50896.0
2024-01-29 18:02:13.490452,Short,33.0,6277.58,22686.0
2024-01-29 18:02:13.490452,Long,67.0,12743.84,50896.0
2024-01-29 18:02:19.652625,Short,33.0,6277.58,22686.0
2024-01-29 18:02:19.652625,Long,67.0,12743.84,50896.0
2024-01-29 18:02:25.741997,Short,33.0,6277.58,22686.0
2024-01-29 18:02:25.741997,Long,67.0,12743.84,50896.0
2024-01-29 18:02:31.884773,Short,33.0,6273.74,22667.0
2024-01-29 18:02:31.884773,Long,67.0,12717.23,50895.0
2024-01-29 18:02:38.022001,Short,33.0,6273.74,22667.0
2024-01-29 18:02:38.022001,Long,67.0,12717.23,50895.0
2024-01-29 18:02:44.240817,Short,33.0,6273.74,22667.0
2024-01-29 18:02:44.240817,Long,67.0,12717.23,50895.0
2024-01-29 18:02:50.489599,Short,33.0,6273.74,22667.0
2024-01-29 18:02:50.489599,Long,67.0,12717.23,50895.0
2024-01-29 18:02:56.618600,Short,33.0,6273.74,22667.0
2024-01-29 18:02:56.618600,Long,67.0,12717.23,50895.0
2024-01-29 18:03:03.187582,Short,33.0,6273.74,22667.0
2024-01-29 18:03:03.187582,Long,67.0,12717.23,50895.0
2024-01-29 18:03:09.476840,Short,33.0,6273.74,22667.0
2024-01-29 18:03:09.476840,Long,67.0,12717.23,50895.0
2024-01-29 18:03:15.662792,Short,33.0,6273.74,22667.0
2024-01-29 18:03:15.662792,Long,67.0,12717.23,50895.0
2024-01-29 18:03:21.984363,Short,33.0,6273.74,22667.0
2024-01-29 18:03:21.984363,Long,67.0,12717.23,50895.0
2024-01-29 18:03:28.134958,Short,33.0,6273.74,22667.0
2024-01-29 18:03:28.134958,Long,67.0,12717.23,50895.0
2024-01-29 18:03:34.236913,Short,33.0,6273.03,22651.0
2024-01-29 18:03:34.236913,Long,67.0,12703.8,50907.0
2024-01-29 18:03:40.373377,Short,33.0,6273.03,22651.0
2024-01-29 18:03:40.373377,Long,67.0,12703.8,50907.0
2024-01-29 18:03:46.472346,Short,33.0,6273.03,22651.0
2024-01-29 18:03:46.472346,Long,67.0,12703.8,50907.0
2024-01-29 18:03:52.600400,Short,33.0,6273.03,22651.0
2024-01-29 18:03:52.600400,Long,67.0,12703.8,50907.0
2024-01-29 18:03:58.805579,Short,33.0,6273.03,22651.0
2024-01-29 18:03:58.805579,Long,67.0,12703.8,50907.0
2024-01-29 18:04:05.170960,Short,33.0,6273.03,22651.0
2024-01-29 18:04:05.170960,Long,67.0,12703.8,50907.0
2024-01-29 18:04:11.232684,Short,33.0,6273.03,22651.0
2024-01-29 18:04:11.232684,Long,67.0,12703.8,50907.0
2024-01-29 18:04:17.544210,Short,33.0,6273.03,22651.0
2024-01-29 18:04:17.544210,Long,67.0,12703.8,50907.0
2024-01-29 18:04:23.816583,Short,33.0,6273.03,22651.0
2024-01-29 18:04:23.816583,Long,67.0,12703.8,50907.0
2024-01-29 18:04:29.874375,Short,33.0,6273.03,22651.0
2024-01-29 18:04:29.874375,Long,67.0,12703.8,50907.0
2024-01-29 18:04:36.111849,Short,33.0,6271.96,22634.0
2024-01-29 18:04:36.111849,Long,67.0,12700.23,50961.0
2024-01-29 18:04:42.180750,Short,33.0,6271.96,22634.0
2024-01-29 18:04:42.180750,Long,67.0,12700.23,50961.0
2024-01-29 18:04:48.361686,Short,33.0,6271.96,22634.0
2024-01-29 18:04:48.361686,Long,67.0,12700.23,50961.0
2024-01-29 18:04:54.915347,Short,33.0,6271.96,22634.0
2024-01-29 18:04:54.915347,Long,67.0,12700.23,50961.0
2024-01-29 18:05:01.116287,Short,33.0,6271.96,22634.0
2024-01-29 18:05:01.116287,Long,67.0,12700.23,50961.0
2024-01-29 18:05:07.235960,Short,33.0,6271.96,22634.0
2024-01-29 18:05:07.235960,Long,67.0,12700.23,50961.0
2024-01-29 18:05:13.392146,Short,33.0,6271.96,22634.0
2024-01-29 18:05:13.392146,Long,67.0,12700.23,50961.0
2024-01-29 18:05:19.516778,Short,33.0,6271.96,22634.0
2024-01-29 18:05:19.516778,Long,67.0,12700.23,50961.0
2024-01-29 18:05:25.582918,Short,33.0,6271.96,22634.0
2024-01-29 18:05:25.582918,Long,67.0,12700.23,50961.0
2024-01-29 18:05:31.871046,Short,33.0,6271.96,22634.0
2024-01-29 18:05:31.871046,Long,67.0,12700.23,50961.0
2024-01-29 18:05:38.271453,Short,33.0,6265.88,22623.0
2024-01-29 18:05:38.271453,Long,67.0,12710.94,50980.0
2024-01-29 18:05:44.424833,Short,33.0,6265.88,22623.0
2024-01-29 18:05:44.424833,Long,67.0,12710.94,50980.0
2024-01-29 18:05:50.777817,Short,33.0,6265.88,22623.0
2024-01-29 18:05:50.777817,Long,67.0,12710.94,50980.0
2024-01-29 18:05:56.878691,Short,33.0,6265.88,22623.0
2024-01-29 18:05:56.878691,Long,67.0,12710.94,50980.0
2024-01-29 18:06:03.204615,Short,33.0,6265.88,22623.0
2024-01-29 18:06:03.204615,Long,67.0,12710.94,50980.0
2024-01-29 18:06:09.438136,Short,33.0,6265.88,22623.0
2024-01-29 18:06:09.438136,Long,67.0,12710.94,50980.0
2024-01-29 18:06:15.624425,Short,33.0,6265.88,22623.0
2024-01-29 18:06:15.624425,Long,67.0,12710.94,50980.0
2024-01-29 18:06:21.797704,Short,33.0,6265.88,22623.0
2024-01-29 18:06:21.797704,Long,67.0,12710.94,50980.0
2024-01-29 18:06:28.148350,Short,33.0,6265.88,22623.0
2024-01-29 18:06:28.148350,Long,67.0,12710.94,50980.0
2024-01-29 18:06:34.402063,Short,33.0,6265.88,22623.0
2024-01-29 18:06:34.402063,Long,67.0,12710.94,50980.0
2024-01-29 18:06:40.655061,Short,33.0,6266.15,22615.0
2024-01-29 18:06:40.655061,Long,67.0,12712.02,50987.0
2024-01-29 18:06:46.913037,Short,33.0,6266.15,22615.0
2024-01-29 18:06:46.913037,Long,67.0,12712.02,50987.0
2024-01-29 18:06:53.325471,Short,33.0,6266.15,22615.0
2024-01-29 18:06:53.325471,Long,67.0,12712.02,50987.0
2024-01-29 18:06:59.556981,Short,33.0,6266.15,22615.0
2024-01-29 18:06:59.556981,Long,67.0,12712.02,50987.0
2024-01-29 18:07:05.820622,Short,33.0,6266.15,22615.0
2024-01-29 18:07:05.820622,Long,67.0,12712.02,50987.0
2024-01-29 18:07:11.911185,Short,33.0,6266.15,22615.0
2024-01-29 18:07:11.911185,Long,67.0,12712.02,50987.0
2024-01-29 18:07:17.984710,Short,33.0,6266.15,22615.0
2024-01-29 18:07:17.984710,Long,67.0,12712.02,50987.0
2024-01-29 18:07:24.085159,Short,33.0,6266.15,22615.0
2024-01-29 18:07:24.085159,Long,67.0,12712.02,50987.0
2024-01-29 18:07:30.219128,Short,33.0,6266.15,22615.0
2024-01-29 18:07:30.219128,Long,67.0,12712.02,50987.0
2024-01-29 18:07:36.330489,Short,33.0,6266.15,22615.0
2024-01-29 18:07:36.330489,Long,67.0,12712.02,50987.0
2024-01-29 18:07:42.440323,Short,33.0,6266.39,22592.0
2024-01-29 18:07:42.440323,Long,67.0,12710.81,51009.0
2024-01-29 18:07:48.586286,Short,33.0,6266.39,22592.0
2024-01-29 18:07:48.586286,Long,67.0,12710.81,51009.0
2024-01-29 18:07:54.686895,Short,33.0,6266.39,22592.0
2024-01-29 18:07:54.686895,Long,67.0,12710.81,51009.0
2024-01-29 18:08:00.886550,Short,33.0,6266.39,22592.0
2024-01-29 18:08:00.886550,Long,67.0,12710.81,51009.0
2024-01-29 18:08:06.984228,Short,33.0,6266.39,22592.0
2024-01-29 18:08:06.984228,Long,67.0,12710.81,51009.0
2024-01-29 18:08:13.123208,Short,33.0,6266.39,22592.0
2024-01-29 18:08:13.123208,Long,67.0,12710.81,51009.0
2024-01-29 18:08:19.434288,Short,33.0,6266.39,22592.0
2024-01-29 18:08:19.434288,Long,67.0,12710.81,51009.0
2024-01-29 18:08:26.116856,Short,33.0,6266.39,22592.0
2024-01-29 18:08:26.116856,Long,67.0,12710.81,51009.0
2024-01-29 18:08:32.687930,Short,33.0,6266.39,22592.0
2024-01-29 18:08:32.687930,Long,67.0,12710.81,51009.0
2024-01-29 18:08:39.169736,Short,33.0,6266.39,22592.0
2024-01-29 18:08:39.169736,Long,67.0,12710.81,51009.0
2024-01-29 18:08:45.297044,Short,33.0,6266.9,22565.0
2024-01-29 18:08:45.297044,Long,67.0,12694.98,51038.0
2024-01-29 18:08:51.681003,Short,33.0,6266.9,22565.0
2024-01-29 18:08:51.681003,Long,67.0,12694.98,51038.0
2024-01-29 18:08:57.816400,Short,33.0,6266.9,22565.0
2024-01-29 18:08:57.816400,Long,67.0,12694.98,51038.0
2024-01-29 18:09:03.999638,Short,33.0,6266.9,22565.0
2024-01-29 18:09:03.999638,Long,67.0,12694.98,51038.0
2024-01-29 18:09:10.166424,Short,33.0,6266.9,22565.0
2024-01-29 18:09:10.166424,Long,67.0,12694.98,51038.0
2024-01-29 18:09:16.363007,Short,33.0,6266.9,22565.0
2024-01-29 18:09:16.363007,Long,67.0,12694.98,51038.0
2024-01-29 18:09:22.584080,Short,33.0,6266.9,22565.0
2024-01-29 18:09:22.584080,Long,67.0,12694.98,51038.0
2024-01-29 18:09:28.690209,Short,33.0,6266.9,22565.0
2024-01-29 18:09:28.690209,Long,67.0,12694.98,51038.0
2024-01-29 18:09:34.928923,Short,33.0,6266.9,22565.0
2024-01-29 18:09:34.928923,Long,67.0,12694.98,51038.0
2024-01-29 18:09:41.149175,Short,33.0,6266.9,22565.0
2024-01-29 18:09:41.149175,Long,67.0,12694.98,51038.0
2024-01-29 18:09:47.845591,Short,33.0,6262.88,22549.0
2024-01-29 18:09:47.845591,Long,67.0,12677.09,51032.0
2024-01-29 18:09:56.328533,Short,33.0,6262.88,22549.0
2024-01-29 18:09:56.328533,Long,67.0,12677.09,51032.0
2024-01-29 18:10:03.308642,Short,33.0,6262.88,22549.0
2024-01-29 18:10:03.308642,Long,67.0,12677.09,51032.0
2024-01-29 18:10:09.449836,Short,33.0,6262.88,22549.0
2024-01-29 18:10:09.449836,Long,67.0,12677.09,51032.0
2024-01-29 18:10:15.759992,Short,33.0,6262.88,22549.0
2024-01-29 18:10:15.759992,Long,67.0,12677.09,51032.0
2024-01-29 18:10:21.929453,Short,33.0,6262.88,22549.0
2024-01-29 18:10:21.929453,Long,67.0,12677.09,51032.0
2024-01-29 18:10:28.446708,Short,33.0,6262.88,22549.0
2024-01-29 18:10:28.446708,Long,67.0,12677.09,51032.0
2024-01-29 18:10:34.528255,Short,33.0,6262.88,22549.0
2024-01-29 18:10:34.528255,Long,67.0,12677.09,51032.0
2024-01-29 18:10:40.644037,Short,33.0,6262.88,22549.0
2024-01-29 18:10:40.644037,Long,67.0,12677.09,51032.0
2024-01-29 18:10:46.780563,Short,33.0,6259.13,22542.0
2024-01-29 18:10:46.780563,Long,67.0,12659.94,51061.0
2024-01-29 18:10:53.089430,Short,33.0,6259.13,22542.0
2024-01-29 18:10:53.089430,Long,67.0,12659.94,51061.0
2024-01-29 18:10:59.246192,Short,33.0,6259.13,22542.0
2024-01-29 18:10:59.246192,Long,67.0,12659.94,51061.0
2024-01-29 18:11:06.056915,Short,33.0,6259.13,22542.0
2024-01-29 18:11:06.056915,Long,67.0,12659.94,51061.0
2024-01-29 18:11:12.462228,Short,33.0,6259.13,22542.0
2024-01-29 18:11:12.462228,Long,67.0,12659.94,51061.0
2024-01-29 18:11:18.691852,Short,33.0,6259.13,22542.0
2024-01-29 18:11:18.691852,Long,67.0,12659.94,51061.0
2024-01-29 18:11:24.787078,Short,33.0,6259.13,22542.0
2024-01-29 18:11:24.787078,Long,67.0,12659.94,51061.0
2024-01-29 18:11:30.890816,Short,33.0,6259.13,22542.0
2024-01-29 18:11:30.890816,Long,67.0,12659.94,51061.0
2024-01-29 18:11:37.202941,Short,33.0,6259.13,22542.0
2024-01-29 18:11:37.202941,Long,67.0,12659.94,51061.0
2024-01-29 18:11:43.481173,Short,33.0,6259.13,22542.0
2024-01-29 18:11:43.481173,Long,67.0,12659.94,51061.0
2024-01-29 18:11:49.667219,Short,33.0,6258.1,22500.0
2024-01-29 18:11:49.667219,Long,67.0,12674.85,51136.0
2024-01-29 18:11:55.822856,Short,33.0,6258.1,22500.0
2024-01-29 18:11:55.822856,Long,67.0,12674.85,51136.0
2024-01-29 18:12:01.941388,Short,33.0,6258.1,22500.0
2024-01-29 18:12:01.941388,Long,67.0,12674.85,51136.0
2024-01-29 18:12:08.142891,Short,33.0,6258.1,22500.0
2024-01-29 18:12:08.142891,Long,67.0,12674.85,51136.0
2024-01-29 18:12:14.538195,Short,33.0,6258.1,22500.0
2024-01-29 18:12:14.538195,Long,67.0,12674.85,51136.0
2024-01-29 18:12:21.169471,Short,33.0,6258.1,22500.0
2024-01-29 18:12:21.169471,Long,67.0,12674.85,51136.0
2024-01-29 18:12:27.418459,Short,33.0,6258.1,22500.0
2024-01-29 18:12:27.418459,Long,67.0,12674.85,51136.0
2024-01-29 18:12:33.521690,Short,33.0,6258.1,22500.0
2024-01-29 18:12:33.521690,Long,67.0,12674.85,51136.0
2024-01-29 18:12:39.827361,Short,33.0,6258.1,22500.0
2024-01-29 18:12:39.827361,Long,67.0,12674.85,51136.0
2024-01-29 18:12:45.899090,Short,33.0,6258.1,22500.0
2024-01-29 18:12:45.899090,Long,67.0,12674.85,51136.0
2024-01-29 18:12:52.180707,Short,33.0,6255.94,22478.0
2024-01-29 18:12:52.180707,Long,67.0,12677.39,51160.0
2024-01-29 18:12:58.395799,Short,33.0,6255.94,22478.0
2024-01-29 18:12:58.395799,Long,67.0,12677.39,51160.0
2024-01-29 18:13:05.559611,Short,33.0,6255.94,22478.0
2024-01-29 18:13:05.559611,Long,67.0,12677.39,51160.0
2024-01-29 18:13:11.960825,Short,33.0,6255.94,22478.0
2024-01-29 18:13:11.960825,Long,67.0,12677.39,51160.0
2024-01-29 18:13:18.132101,Short,33.0,6255.94,22478.0
2024-01-29 18:13:18.132101,Long,67.0,12677.39,51160.0
2024-01-29 18:13:24.399640,Short,33.0,6255.94,22478.0
2024-01-29 18:13:24.399640,Long,67.0,12677.39,51160.0
2024-01-29 18:13:30.603199,Short,33.0,6255.94,22478.0
2024-01-29 18:13:30.603199,Long,67.0,12677.39,51160.0
2024-01-29 18:13:36.885624,Short,33.0,6255.94,22478.0
2024-01-29 18:13:36.885624,Long,67.0,12677.39,51160.0
2024-01-29 18:13:43.198809,Short,33.0,6255.94,22478.0
2024-01-29 18:13:43.198809,Long,67.0,12677.39,51160.0
2024-01-29 18:13:49.577105,Short,33.0,6258.67,22469.0
2024-01-29 18:13:49.577105,Long,67.0,12681.13,51180.0
2024-01-29 18:13:55.821786,Short,33.0,6258.67,22469.0
2024-01-29 18:13:55.821786,Long,67.0,12681.13,51180.0
2024-01-29 18:14:02.246937,Short,33.0,6258.67,22469.0
2024-01-29 18:14:02.246937,Long,67.0,12681.13,51180.0
2024-01-29 18:14:08.649512,Short,33.0,6258.67,22469.0
2024-01-29 18:14:08.649512,Long,67.0,12681.13,51180.0
2024-01-29 18:14:14.804469,Short,33.0,6258.67,22469.0
2024-01-29 18:14:14.804469,Long,67.0,12681.13,51180.0
2024-01-29 18:14:20.941735,Short,33.0,6258.67,22469.0
2024-01-29 18:14:20.941735,Long,67.0,12681.13,51180.0
2024-01-29 18:14:27.241175,Short,33.0,6258.67,22469.0
2024-01-29 18:14:27.241175,Long,67.0,12681.13,51180.0
2024-01-29 18:14:33.615117,Short,33.0,6258.67,22469.0
2024-01-29 18:14:33.615117,Long,67.0,12681.13,51180.0
2024-01-29 18:14:40.066111,Short,33.0,6258.67,22469.0
2024-01-29 18:14:40.066111,Long,67.0,12681.13,51180.0
2024-01-29 18:14:46.531961,Short,33.0,6258.67,22469.0
2024-01-29 18:14:46.531961,Long,67.0,12681.13,51180.0
2024-01-29 18:14:52.763009,Short,33.0,6253.84,22411.0
2024-01-29 18:14:52.763009,Long,67.0,12691.55,51228.0
2024-01-29 18:14:59.269868,Short,33.0,6253.84,22411.0
2024-01-29 18:14:59.269868,Long,67.0,12691.55,51228.0
2024-01-29 18:15:06.351678,Short,33.0,6253.84,22411.0
2024-01-29 18:15:06.351678,Long,67.0,12691.55,51228.0
2024-01-29 18:15:12.571311,Short,33.0,6253.84,22411.0
2024-01-29 18:15:12.571311,Long,67.0,12691.55,51228.0
2024-01-29 18:15:18.943593,Short,33.0,6253.84,22411.0
2024-01-29 18:15:18.943593,Long,67.0,12691.55,51228.0
2024-01-29 18:15:26.583674,Short,33.0,6253.84,22411.0
2024-01-29 18:15:26.583674,Long,67.0,12691.55,51228.0
2024-01-29 18:15:32.855872,Short,33.0,6253.84,22411.0
2024-01-29 18:15:32.855872,Long,67.0,12691.55,51228.0
2024-01-29 18:15:39.179413,Short,33.0,6253.84,22411.0
2024-01-29 18:15:39.179413,Long,67.0,12691.55,51228.0
2024-01-29 18:15:45.669031,Short,33.0,6253.84,22411.0
2024-01-29 18:15:45.669031,Long,67.0,12691.55,51228.0
2024-01-29 18:15:51.958640,Short,33.0,6252.86,22405.0
2024-01-29 18:15:51.958640,Long,67.0,12693.96,51267.0
2024-01-29 18:15:58.150282,Short,33.0,6252.86,22405.0
2024-01-29 18:15:58.150282,Long,67.0,12693.96,51267.0
2024-01-29 18:16:04.255805,Short,33.0,6252.86,22405.0
2024-01-29 18:16:04.255805,Long,67.0,12693.96,51267.0
2024-01-29 18:16:10.422034,Short,33.0,6252.86,22405.0
2024-01-29 18:16:10.422034,Long,67.0,12693.96,51267.0
2024-01-29 18:16:16.545900,Short,33.0,6252.86,22405.0
2024-01-29 18:16:16.545900,Long,67.0,12693.96,51267.0
2024-01-29 18:16:23.234427,Short,33.0,6252.86,22405.0
2024-01-29 18:16:23.234427,Long,67.0,12693.96,51267.0
2024-01-29 18:16:29.381132,Short,33.0,6252.86,22405.0
2024-01-29 18:16:29.381132,Long,67.0,12693.96,51267.0
2024-01-29 18:16:35.537760,Short,33.0,6252.86,22405.0
2024-01-29 18:16:35.537760,Long,67.0,12693.96,51267.0
2024-01-29 18:16:41.753176,Short,33.0,6252.86,22405.0
2024-01-29 18:16:41.753176,Long,67.0,12693.96,51267.0
2024-01-29 18:16:47.917282,Short,33.0,6252.86,22405.0
2024-01-29 18:16:47.917282,Long,67.0,12693.96,51267.0
2024-01-29 18:16:54.460470,Short,33.0,6237.81,22347.0
2024-01-29 18:16:54.460470,Long,67.0,12483.13,51148.0
2024-01-29 18:17:00.823668,Short,33.0,6237.81,22347.0
2024-01-29 18:17:00.823668,Long,67.0,12483.13,51148.0
2024-01-29 18:17:07.119398,Short,33.0,6237.81,22347.0
2024-01-29 18:17:07.119398,Long,67.0,12483.13,51148.0
2024-01-29 18:17:13.259583,Short,33.0,6237.81,22347.0
2024-01-29 18:17:13.259583,Long,67.0,12483.13,51148.0
2024-01-29 18:17:19.755443,Short,33.0,6237.81,22347.0
2024-01-29 18:17:19.755443,Long,67.0,12483.13,51148.0
2024-01-29 18:17:26.227643,Short,33.0,6237.81,22347.0
2024-01-29 18:17:26.227643,Long,67.0,12483.13,51148.0
2024-01-29 18:17:33.496633,Short,33.0,6237.81,22347.0
2024-01-29 18:17:33.496633,Long,67.0,12483.13,51148.0
2024-01-29 18:17:39.637935,Short,33.0,6237.81,22347.0
2024-01-29 18:17:39.637935,Long,67.0,12483.13,51148.0
2024-01-29 18:17:45.770950,Short,33.0,6237.81,22347.0
2024-01-29 18:17:45.770950,Long,67.0,12483.13,51148.0
2024-01-29 18:17:52.100878,Short,33.0,6237.81,22347.0
2024-01-29 18:17:52.100878,Long,67.0,12483.13,51148.0
2024-01-29 18:17:58.739035,Short,33.0,6240.09,22330.0
2024-01-29 18:17:58.739035,Long,67.0,12483.88,51165.0
2024-01-29 18:18:04.896103,Short,33.0,6240.09,22330.0
2024-01-29 18:18:04.896103,Long,67.0,12483.88,51165.0
2024-01-29 18:18:11.031087,Short,33.0,6240.09,22330.0
2024-01-29 18:18:11.031087,Long,67.0,12483.88,51165.0
2024-01-29 18:18:17.155855,Short,33.0,6240.09,22330.0
2024-01-29 18:18:17.155855,Long,67.0,12483.88,51165.0
2024-01-29 18:18:23.459259,Short,33.0,6240.09,22330.0
2024-01-29 18:18:23.459259,Long,67.0,12483.88,51165.0
2024-01-29 18:18:29.595915,Short,33.0,6240.09,22330.0
2024-01-29 18:18:29.595915,Long,67.0,12483.88,51165.0
2024-01-29 18:18:35.841705,Short,33.0,6240.09,22330.0
2024-01-29 18:18:35.841705,Long,67.0,12483.88,51165.0
2024-01-29 18:18:42.257156,Short,33.0,6240.09,22330.0
2024-01-29 18:18:42.257156,Long,67.0,12483.88,51165.0
2024-01-29 18:18:48.458893,Short,33.0,6240.09,22330.0
2024-01-29 18:18:48.458893,Long,67.0,12483.88,51165.0
2024-01-29 18:18:54.857045,Short,33.0,6240.09,22330.0
2024-01-29 18:18:54.857045,Long,67.0,12483.88,51165.0
2024-01-29 18:20:20.602950,Short,33.0,6239.28,22324.0
2024-01-29 18:20:20.602950,Long,67.0,12484.03,51183.0
2024-01-29 18:20:26.870048,Short,33.0,6232.05,22294.0
2024-01-29 18:20:26.870048,Long,67.0,12486.84,51181.0
2024-01-29 18:20:33.031458,Short,33.0,6232.05,22294.0
2024-01-29 18:20:33.031458,Long,67.0,12486.84,51181.0
2024-01-29 18:20:39.429362,Short,33.0,6232.05,22294.0
2024-01-29 18:20:39.429362,Long,67.0,12486.84,51181.0
2024-01-29 18:20:45.949195,Short,33.0,6232.05,22294.0
2024-01-29 18:20:45.949195,Long,67.0,12486.84,51181.0
2024-01-29 18:20:52.142596,Short,33.0,6232.05,22294.0
2024-01-29 18:20:52.142596,Long,67.0,12486.84,51181.0
2024-01-29 18:20:58.305014,Short,33.0,6232.05,22294.0
2024-01-29 18:20:58.305014,Long,67.0,12486.84,51181.0
2024-01-29 18:21:04.552975,Short,33.0,6227.16,22259.0
2024-01-29 18:21:04.552975,Long,67.0,12470.9,51126.0
2024-01-29 18:21:10.726736,Short,33.0,6227.16,22259.0
2024-01-29 18:21:10.726736,Long,67.0,12470.9,51126.0
2024-01-29 18:21:16.884521,Short,33.0,6227.16,22259.0
2024-01-29 18:21:16.884521,Long,67.0,12470.9,51126.0
2024-01-29 18:21:23.103449,Short,33.0,6227.16,22259.0
2024-01-29 18:21:23.103449,Long,67.0,12470.9,51126.0
2024-01-29 18:21:29.268978,Short,33.0,6227.16,22259.0
2024-01-29 18:21:29.268978,Long,67.0,12470.9,51126.0
2024-01-29 18:21:35.424164,Short,33.0,6227.16,22259.0
2024-01-29 18:21:35.424164,Long,67.0,12470.9,51126.0
2024-01-29 18:21:41.597498,Short,33.0,6227.16,22259.0
2024-01-29 18:21:41.597498,Long,67.0,12470.9,51126.0
2024-01-29 18:21:47.956609,Short,33.0,6227.16,22259.0
2024-01-29 18:21:47.956609,Long,67.0,12470.9,51126.0
2024-01-29 18:21:54.163336,Short,33.0,6227.16,22259.0
2024-01-29 18:21:54.163336,Long,67.0,12470.9,51126.0
2024-01-29 18:22:00.412144,Short,33.0,6227.16,22259.0
2024-01-29 18:22:00.412144,Long,67.0,12470.9,51126.0
2024-01-29 18:22:06.623570,Short,33.0,6224.6,22248.0
2024-01-29 18:22:06.623570,Long,67.0,12489.2,51160.0
2024-01-29 18:22:12.782157,Short,33.0,6224.6,22248.0
2024-01-29 18:22:12.782157,Long,67.0,12489.2,51160.0
2024-01-29 18:22:19.070841,Short,33.0,6224.6,22248.0
2024-01-29 18:22:19.070841,Long,67.0,12489.2,51160.0
2024-01-29 18:22:25.221574,Short,33.0,6224.6,22248.0
2024-01-29 18:22:25.221574,Long,67.0,12489.2,51160.0
2024-01-29 18:22:31.342121,Short,33.0,6224.6,22248.0
2024-01-29 18:22:31.342121,Long,67.0,12489.2,51160.0
2024-01-29 18:22:37.438291,Short,33.0,6224.6,22248.0
2024-01-29 18:22:37.438291,Long,67.0,12489.2,51160.0
2024-01-29 18:22:43.580795,Short,33.0,6224.6,22248.0
2024-01-29 18:22:43.580795,Long,67.0,12489.2,51160.0
2024-01-29 18:22:49.848089,Short,33.0,6224.6,22248.0
2024-01-29 18:22:49.848089,Long,67.0,12489.2,51160.0
2024-01-29 18:22:56.287958,Short,33.0,6224.6,22248.0
2024-01-29 18:22:56.287958,Long,67.0,12489.2,51160.0
2024-01-29 18:23:02.493499,Short,33.0,6224.6,22248.0
2024-01-29 18:23:02.493499,Long,67.0,12489.2,51160.0
2024-01-29 18:23:10.374640,Short,33.0,6217.58,22227.0
2024-01-29 18:23:10.374640,Long,67.0,12495.25,51180.0
2024-01-29 18:23:16.717531,Short,33.0,6217.58,22227.0
2024-01-29 18:23:16.717531,Long,67.0,12495.25,51180.0
2024-01-29 18:23:23.121801,Short,33.0,6217.58,22227.0
2024-01-29 18:23:23.121801,Long,67.0,12495.25,51180.0
2024-01-29 18:23:29.683548,Short,33.0,6217.58,22227.0
2024-01-29 18:23:29.683548,Long,67.0,12495.25,51180.0
2024-01-29 18:23:36.147536,Short,33.0,6217.58,22227.0
2024-01-29 18:23:36.147536,Long,67.0,12495.25,51180.0
2024-01-29 18:23:42.582255,Short,33.0,6217.58,22227.0
2024-01-29 18:23:42.582255,Long,67.0,12495.25,51180.0
2024-01-29 18:23:49.095893,Short,33.0,6217.58,22227.0
2024-01-29 18:23:49.095893,Long,67.0,12495.25,51180.0
2024-01-29 18:23:55.578468,Short,33.0,6217.58,22227.0
2024-01-29 18:23:55.578468,Long,67.0,12495.25,51180.0
2024-01-29 18:24:02.156974,Short,33.0,6217.58,22227.0
2024-01-29 18:24:02.156974,Long,67.0,12495.25,51180.0
2024-01-29 18:24:08.491274,Short,33.0,6212.06,22199.0
2024-01-29 18:24:08.491274,Long,67.0,12504.47,51217.0
2024-01-29 18:24:15.452405,Short,33.0,6212.06,22199.0
2024-01-29 18:24:15.452405,Long,67.0,12504.47,51217.0
2024-01-29 18:24:21.896578,Short,33.0,6212.06,22199.0
2024-01-29 18:24:21.896578,Long,67.0,12504.47,51217.0
2024-01-29 18:24:28.073204,Short,33.0,6212.06,22199.0
2024-01-29 18:24:28.073204,Long,67.0,12504.47,51217.0
2024-01-29 18:24:34.235698,Short,33.0,6212.06,22199.0
2024-01-29 18:24:34.235698,Long,67.0,12504.47,51217.0
2024-01-29 18:24:40.431460,Short,33.0,6212.06,22199.0
2024-01-29 18:24:40.431460,Long,67.0,12504.47,51217.0
2024-01-29 18:24:46.859321,Short,33.0,6212.06,22199.0
2024-01-29 18:24:46.859321,Long,67.0,12504.47,51217.0
2024-01-29 18:24:52.944324,Short,33.0,6212.06,22199.0
2024-01-29 18:24:52.944324,Long,67.0,12504.47,51217.0
2024-01-29 18:24:59.034140,Short,33.0,6212.06,22199.0
2024-01-29 18:24:59.034140,Long,67.0,12504.47,51217.0
2024-01-29 18:25:05.590508,Short,33.0,6212.06,22199.0
2024-01-29 18:25:05.590508,Long,67.0,12504.47,51217.0
2024-01-29 18:25:11.791345,Short,33.0,6208.4,22180.0
2024-01-29 18:25:11.791345,Long,67.0,12506.64,51236.0
2024-01-29 18:25:18.377466,Short,33.0,6208.4,22180.0
2024-01-29 18:25:18.377466,Long,67.0,12506.64,51236.0
2024-01-29 18:25:24.541817,Short,33.0,6208.4,22180.0
2024-01-29 18:25:24.541817,Long,67.0,12506.64,51236.0
2024-01-29 18:25:30.654295,Short,33.0,6208.4,22180.0
2024-01-29 18:25:30.654295,Long,67.0,12506.64,51236.0
2024-01-29 18:25:36.814279,Short,33.0,6208.4,22180.0
2024-01-29 18:25:36.814279,Long,67.0,12506.64,51236.0
2024-01-29 18:25:43.096357,Short,33.0,6208.4,22180.0
2024-01-29 18:25:43.096357,Long,67.0,12506.64,51236.0
2024-01-29 18:25:49.146365,Short,33.0,6208.4,22180.0
2024-01-29 18:25:49.146365,Long,67.0,12506.64,51236.0
2024-01-29 18:25:55.213835,Short,33.0,6208.4,22180.0
2024-01-29 18:25:55.213835,Long,67.0,12506.64,51236.0
2024-01-29 18:26:01.291095,Short,33.0,6208.4,22180.0
2024-01-29 18:26:01.291095,Long,67.0,12506.64,51236.0
2024-01-29 18:26:07.700208,Short,33.0,6208.4,22180.0
2024-01-29 18:26:07.700208,Long,67.0,12506.64,51236.0
2024-01-29 18:26:14.013857,Short,33.0,6207.44,22161.0
2024-01-29 18:26:14.013857,Long,67.0,12509.12,51265.0
2024-01-29 18:26:20.293537,Short,33.0,6207.44,22161.0
2024-01-29 18:26:20.293537,Long,67.0,12509.12,51265.0
2024-01-29 18:26:26.411764,Short,33.0,6207.44,22161.0
2024-01-29 18:26:26.411764,Long,67.0,12509.12,51265.0
2024-01-29 18:26:32.536348,Short,33.0,6207.44,22161.0
2024-01-29 18:26:32.536348,Long,67.0,12509.12,51265.0
2024-01-29 18:26:38.694469,Short,33.0,6207.44,22161.0
2024-01-29 18:26:38.694469,Long,67.0,12509.12,51265.0
2024-01-29 18:26:44.806317,Short,33.0,6207.44,22161.0
2024-01-29 18:26:44.806317,Long,67.0,12509.12,51265.0
2024-01-29 18:26:51.213104,Short,33.0,6207.44,22161.0
2024-01-29 18:26:51.213104,Long,67.0,12509.12,51265.0
2024-01-29 18:26:57.522464,Short,33.0,6207.44,22161.0
2024-01-29 18:26:57.522464,Long,67.0,12509.12,51265.0
2024-01-29 18:27:03.757904,Short,33.0,6207.44,22161.0
2024-01-29 18:27:03.757904,Long,67.0,12509.12,51265.0
2024-01-29 18:27:09.877786,Short,33.0,6207.44,22161.0
2024-01-29 18:27:09.877786,Long,67.0,12509.12,51265.0
2024-01-29 18:27:16.297918,Short,33.0,6205.81,22151.0
2024-01-29 18:27:16.297918,Long,67.0,12512.8,51295.0
2024-01-29 18:27:23.077645,Short,33.0,6205.81,22151.0
2024-01-29 18:27:23.077645,Long,67.0,12512.8,51295.0
2024-01-29 18:27:29.489275,Short,33.0,6205.81,22151.0
2024-01-29 18:27:29.489275,Long,67.0,12512.8,51295.0
2024-01-29 18:27:36.228648,Short,33.0,6205.81,22151.0
2024-01-29 18:27:36.228648,Long,67.0,12512.8,51295.0
2024-01-29 18:27:42.362068,Short,33.0,6205.81,22151.0
2024-01-29 18:27:42.362068,Long,67.0,12512.8,51295.0
2024-01-29 18:27:48.601118,Short,33.0,6205.81,22151.0
2024-01-29 18:27:48.601118,Long,67.0,12512.8,51295.0
2024-01-29 18:27:54.795272,Short,33.0,6205.81,22151.0
2024-01-29 18:27:54.795272,Long,67.0,12512.8,51295.0
2024-01-29 18:28:00.930491,Short,33.0,6205.81,22151.0
2024-01-29 18:28:00.930491,Long,67.0,12512.8,51295.0
2024-01-29 18:28:07.145306,Short,33.0,6205.81,22151.0
2024-01-29 18:28:07.145306,Long,67.0,12512.8,51295.0
2024-01-29 18:28:13.515629,Short,33.0,6199.66,22128.0
2024-01-29 18:28:13.515629,Long,67.0,12520.56,51407.0
2024-01-29 18:28:19.719557,Short,33.0,6199.66,22128.0
2024-01-29 18:28:19.719557,Long,67.0,12520.56,51407.0
2024-01-29 18:28:26.083858,Short,33.0,6199.66,22128.0
2024-01-29 18:28:26.083858,Long,67.0,12520.56,51407.0
2024-01-29 18:28:32.255340,Short,33.0,6199.66,22128.0
2024-01-29 18:28:32.255340,Long,67.0,12520.56,51407.0
2024-01-29 18:28:38.417702,Short,33.0,6199.66,22128.0
2024-01-29 18:28:38.417702,Long,67.0,12520.56,51407.0
2024-01-29 18:28:44.598570,Short,33.0,6199.66,22128.0
2024-01-29 18:28:44.598570,Long,67.0,12520.56,51407.0
2024-01-29 18:28:50.779710,Short,33.0,6199.66,22128.0
2024-01-29 18:28:50.779710,Long,67.0,12520.56,51407.0
2024-01-29 18:28:56.953400,Short,33.0,6199.66,22128.0
2024-01-29 18:28:56.953400,Long,67.0,12520.56,51407.0
2024-01-29 18:29:03.125342,Short,33.0,6199.66,22128.0
2024-01-29 18:29:03.125342,Long,67.0,12520.56,51407.0
2024-01-29 18:29:09.332246,Short,33.0,6199.66,22128.0
2024-01-29 18:29:09.332246,Long,67.0,12520.56,51407.0
2024-01-29 18:29:15.481288,Short,33.0,6195.47,22069.0
2024-01-29 18:29:15.481288,Long,67.0,12527.13,51456.0
2024-01-29 18:29:21.599688,Short,33.0,6195.47,22069.0
2024-01-29 18:29:21.599688,Long,67.0,12527.13,51456.0
2024-01-29 18:29:27.926308,Short,33.0,6195.47,22069.0
2024-01-29 18:29:27.926308,Long,67.0,12527.13,51456.0
2024-01-29 18:29:34.143729,Short,33.0,6195.47,22069.0
2024-01-29 18:29:34.143729,Long,67.0,12527.13,51456.0
2024-01-29 18:29:40.332324,Short,33.0,6195.47,22069.0
2024-01-29 18:29:40.332324,Long,67.0,12527.13,51456.0
2024-01-29 18:29:46.480192,Short,33.0,6195.47,22069.0
2024-01-29 18:29:46.480192,Long,67.0,12527.13,51456.0
2024-01-29 18:29:52.605454,Short,33.0,6195.47,22069.0
2024-01-29 18:29:52.605454,Long,67.0,12527.13,51456.0
2024-01-29 18:29:58.731942,Short,33.0,6195.47,22069.0
2024-01-29 18:29:58.731942,Long,67.0,12527.13,51456.0
2024-01-29 18:30:04.932824,Short,33.0,6195.47,22069.0
2024-01-29 18:30:04.932824,Long,67.0,12527.13,51456.0
2024-01-29 18:30:11.135900,Short,33.0,6195.47,22069.0
2024-01-29 18:30:11.135900,Long,67.0,12527.13,51456.0
2024-01-29 18:30:17.394707,Short,33.0,6140.41,21957.0
2024-01-29 18:30:17.394707,Long,67.0,12528.7,51454.0
2024-01-29 18:30:23.554713,Short,33.0,6140.41,21957.0
2024-01-29 18:30:23.554713,Long,67.0,12528.7,51454.0
2024-01-29 18:30:30.005734,Short,33.0,6140.41,21957.0
2024-01-29 18:30:30.005734,Long,67.0,12528.7,51454.0
2024-01-29 18:30:36.162012,Short,33.0,6140.41,21957.0
2024-01-29 18:30:36.162012,Long,67.0,12528.7,51454.0
2024-01-29 18:30:42.326985,Short,33.0,6140.41,21957.0
2024-01-29 18:30:42.326985,Long,67.0,12528.7,51454.0
2024-01-29 18:30:48.475595,Short,33.0,6140.41,21957.0
2024-01-29 18:30:48.475595,Long,67.0,12528.7,51454.0
2024-01-29 18:30:54.596898,Short,33.0,6140.41,21957.0
2024-01-29 18:30:54.596898,Long,67.0,12528.7,51454.0
2024-01-29 18:31:00.747530,Short,33.0,6140.41,21957.0
2024-01-29 18:31:00.747530,Long,67.0,12528.7,51454.0
2024-01-29 18:31:06.884709,Short,33.0,6140.41,21957.0
2024-01-29 18:31:06.884709,Long,67.0,12528.7,51454.0
2024-01-29 18:31:13.034098,Short,33.0,6140.41,21957.0
2024-01-29 18:31:13.034098,Long,67.0,12528.7,51454.0
2024-01-29 18:31:19.209982,Short,33.0,6133.02,21921.0
2024-01-29 18:31:19.209982,Long,67.0,12547.36,51509.0
2024-01-29 18:31:25.297695,Short,33.0,6133.02,21921.0
2024-01-29 18:31:25.297695,Long,67.0,12547.36,51509.0
2024-01-29 18:31:31.635030,Short,33.0,6133.02,21921.0
2024-01-29 18:31:31.635030,Long,67.0,12547.36,51509.0
2024-01-29 18:31:37.786076,Short,33.0,6133.02,21921.0
2024-01-29 18:31:37.786076,Long,67.0,12547.36,51509.0
2024-01-29 18:31:43.949025,Short,33.0,6133.02,21921.0
2024-01-29 18:31:43.949025,Long,67.0,12547.36,51509.0
2024-01-29 18:31:50.107719,Short,33.0,6133.02,21921.0
2024-01-29 18:31:50.107719,Long,67.0,12547.36,51509.0
2024-01-29 18:31:56.256281,Short,33.0,6133.02,21921.0
2024-01-29 18:31:56.256281,Long,67.0,12547.36,51509.0
2024-01-29 18:32:02.917332,Short,33.0,6133.02,21921.0
2024-01-29 18:32:02.917332,Long,67.0,12547.36,51509.0
2024-01-29 18:32:09.095923,Short,33.0,6133.02,21921.0
2024-01-29 18:32:09.095923,Long,67.0,12547.36,51509.0
2024-01-29 18:32:15.267369,Short,33.0,6133.02,21921.0
2024-01-29 18:32:15.267369,Long,67.0,12547.36,51509.0
2024-01-29 18:32:21.393951,Short,33.0,6128.89,21862.0
2024-01-29 18:32:21.393951,Long,67.0,12563.19,51599.0
2024-01-29 18:32:27.554503,Short,33.0,6128.89,21862.0
2024-01-29 18:32:27.554503,Long,67.0,12563.19,51599.0
2024-01-29 18:32:33.960934,Short,33.0,6128.89,21862.0
2024-01-29 18:32:33.960934,Long,67.0,12563.19,51599.0
2024-01-29 18:32:40.091488,Short,33.0,6128.89,21862.0
2024-01-29 18:32:40.091488,Long,67.0,12563.19,51599.0
2024-01-29 18:32:46.372581,Short,33.0,6128.89,21862.0
2024-01-29 18:32:46.372581,Long,67.0,12563.19,51599.0
2024-01-29 18:32:52.577556,Short,33.0,6128.89,21862.0
2024-01-29 18:32:52.577556,Long,67.0,12563.19,51599.0
2024-01-29 18:32:58.760475,Short,33.0,6128.89,21862.0
2024-01-29 18:32:58.760475,Long,67.0,12563.19,51599.0
2024-01-29 18:33:04.974102,Short,33.0,6128.89,21862.0
2024-01-29 18:33:04.974102,Long,67.0,12563.19,51599.0
2024-01-29 18:33:11.130635,Short,33.0,6128.89,21862.0
2024-01-29 18:33:11.130635,Long,67.0,12563.19,51599.0
2024-01-29 18:33:17.350255,Short,33.0,6128.89,21862.0
2024-01-29 18:33:17.350255,Long,67.0,12563.19,51599.0
2024-01-29 18:33:23.472964,Short,33.0,6128.32,21848.0
2024-01-29 18:33:23.472964,Long,67.0,12570.89,51653.0
2024-01-29 18:33:29.749409,Short,33.0,6128.32,21848.0
2024-01-29 18:33:29.749409,Long,67.0,12570.89,51653.0
2024-01-29 18:33:36.138176,Short,33.0,6128.32,21848.0
2024-01-29 18:33:36.138176,Long,67.0,12570.89,51653.0
2024-01-29 18:33:42.445200,Short,33.0,6128.32,21848.0
2024-01-29 18:33:42.445200,Long,67.0,12570.89,51653.0
2024-01-29 18:33:48.764830,Short,33.0,6128.32,21848.0
2024-01-29 18:33:48.764830,Long,67.0,12570.89,51653.0
2024-01-29 18:33:54.907784,Short,33.0,6128.32,21848.0
2024-01-29 18:33:54.907784,Long,67.0,12570.89,51653.0
2024-01-29 18:34:01.086838,Short,33.0,6128.32,21848.0
2024-01-29 18:34:01.086838,Long,67.0,12570.89,51653.0
2024-01-29 18:34:07.439611,Short,33.0,6128.32,21848.0
2024-01-29 18:34:07.439611,Long,67.0,12570.89,51653.0
2024-01-29 18:34:13.781826,Short,33.0,6128.32,21848.0
2024-01-29 18:34:13.781826,Long,67.0,12570.89,51653.0
2024-01-29 18:34:20.082649,Short,33.0,6128.32,21848.0
2024-01-29 18:34:20.082649,Long,67.0,12570.89,51653.0
2024-01-29 18:34:26.232773,Short,33.0,6126.7,21791.0
2024-01-29 18:34:26.232773,Long,67.0,12580.23,51804.0
2024-01-29 18:34:32.401252,Short,33.0,6126.7,21791.0
2024-01-29 18:34:32.401252,Long,67.0,12580.23,51804.0
2024-01-29 18:34:38.852978,Short,33.0,6126.7,21791.0
2024-01-29 18:34:38.852978,Long,67.0,12580.23,51804.0
2024-01-29 18:34:45.002111,Short,33.0,6126.7,21791.0
2024-01-29 18:34:45.002111,Long,67.0,12580.23,51804.0
2024-01-29 18:34:51.157982,Short,33.0,6126.7,21791.0
2024-01-29 18:34:51.157982,Long,67.0,12580.23,51804.0
2024-01-29 18:34:57.313981,Short,33.0,6126.7,21791.0
2024-01-29 18:34:57.313981,Long,67.0,12580.23,51804.0
2024-01-29 18:35:03.498110,Short,33.0,6126.7,21791.0
2024-01-29 18:35:03.498110,Long,67.0,12580.23,51804.0
2024-01-29 18:35:09.651491,Short,33.0,6126.7,21791.0
2024-01-29 18:35:09.651491,Long,67.0,12580.23,51804.0
2024-01-29 18:35:15.882833,Short,33.0,6126.7,21791.0
2024-01-29 18:35:15.882833,Long,67.0,12580.23,51804.0
2024-01-29 18:35:22.094052,Short,33.0,6126.7,21791.0
2024-01-29 18:35:22.094052,Long,67.0,12580.23,51804.0
2024-01-29 18:35:28.292721,Short,33.0,6123.31,21775.0
2024-01-29 18:35:28.292721,Long,67.0,12593.07,51854.0
2024-01-29 18:35:34.427870,Short,33.0,6123.31,21775.0
2024-01-29 18:35:34.427870,Long,67.0,12593.07,51854.0
2024-01-29 18:35:40.799248,Short,33.0,6123.31,21775.0
2024-01-29 18:35:40.799248,Long,67.0,12593.07,51854.0
2024-01-29 18:35:47.010057,Short,33.0,6123.31,21775.0
2024-01-29 18:35:47.010057,Long,67.0,12593.07,51854.0
2024-01-29 18:35:53.169094,Short,33.0,6123.31,21775.0
2024-01-29 18:35:53.169094,Long,67.0,12593.07,51854.0
2024-01-29 18:35:59.256563,Short,33.0,6123.31,21775.0
2024-01-29 18:35:59.256563,Long,67.0,12593.07,51854.0
2024-01-29 18:36:05.324070,Short,33.0,6123.31,21775.0
2024-01-29 18:36:05.324070,Long,67.0,12593.07,51854.0
2024-01-29 18:36:11.473393,Short,33.0,6123.31,21775.0
2024-01-29 18:36:11.473393,Long,67.0,12593.07,51854.0
2024-01-29 18:36:17.724743,Short,33.0,6123.31,21775.0
2024-01-29 18:36:17.724743,Long,67.0,12593.07,51854.0
2024-01-29 18:36:23.924801,Short,33.0,6123.31,21775.0
2024-01-29 18:36:23.924801,Long,67.0,12593.07,51854.0
2024-01-29 18:36:30.116609,Short,33.0,6121.61,21755.0
2024-01-29 18:36:30.116609,Long,67.0,12613.77,51893.0
2024-01-29 18:36:36.264258,Short,33.0,6121.61,21755.0
2024-01-29 18:36:36.264258,Long,67.0,12613.77,51893.0
2024-01-29 18:36:42.746933,Short,33.0,6121.61,21755.0
2024-01-29 18:36:42.746933,Long,67.0,12613.77,51893.0
2024-01-29 18:36:48.975860,Short,33.0,6121.61,21755.0
2024-01-29 18:36:48.975860,Long,67.0,12613.77,51893.0
2024-01-29 18:36:55.254924,Short,33.0,6121.61,21755.0
2024-01-29 18:36:55.254924,Long,67.0,12613.77,51893.0
2024-01-29 18:37:01.426029,Short,33.0,6121.61,21755.0
2024-01-29 18:37:01.426029,Long,67.0,12613.77,51893.0
2024-01-29 18:37:07.692984,Short,33.0,6121.61,21755.0
2024-01-29 18:37:07.692984,Long,67.0,12613.77,51893.0
2024-01-29 18:37:13.908019,Short,33.0,6121.61,21755.0
2024-01-29 18:37:13.908019,Long,67.0,12613.77,51893.0
2024-01-29 18:37:20.236590,Short,33.0,6121.61,21755.0
2024-01-29 18:37:20.236590,Long,67.0,12613.77,51893.0
2024-01-29 18:37:26.505881,Short,33.0,6121.61,21755.0
2024-01-29 18:37:26.505881,Long,67.0,12613.77,51893.0
2024-01-29 18:37:32.639475,Short,33.0,6127.68,21743.0
2024-01-29 18:37:32.639475,Long,67.0,12631.7,51918.0
2024-01-29 18:37:38.910207,Short,33.0,6127.68,21743.0
2024-01-29 18:37:38.910207,Long,67.0,12631.7,51918.0
2024-01-29 18:37:45.387715,Short,33.0,6127.68,21743.0
2024-01-29 18:37:45.387715,Long,67.0,12631.7,51918.0
2024-01-29 18:37:51.541620,Short,33.0,6127.68,21743.0
2024-01-29 18:37:51.541620,Long,67.0,12631.7,51918.0
2024-01-29 18:37:57.668745,Short,33.0,6127.68,21743.0
2024-01-29 18:37:57.668745,Long,67.0,12631.7,51918.0
2024-01-29 18:38:03.955868,Short,33.0,6127.68,21743.0
2024-01-29 18:38:03.955868,Long,67.0,12631.7,51918.0
2024-01-29 18:38:10.110746,Short,33.0,6127.68,21743.0
2024-01-29 18:38:10.110746,Long,67.0,12631.7,51918.0
2024-01-29 18:38:16.406403,Short,33.0,6127.68,21743.0
2024-01-29 18:38:16.406403,Long,67.0,12631.7,51918.0
2024-01-29 18:38:22.729264,Short,33.0,6127.68,21743.0
2024-01-29 18:38:22.729264,Long,67.0,12631.7,51918.0
2024-01-29 18:38:29.082974,Short,33.0,6127.68,21743.0
2024-01-29 18:38:29.082974,Long,67.0,12631.7,51918.0
2024-01-29 18:38:35.682964,Short,33.0,6128.42,21726.0
2024-01-29 18:38:35.682964,Long,67.0,12644.86,51963.0
2024-01-29 18:38:42.085201,Short,33.0,6128.42,21726.0
2024-01-29 18:38:42.085201,Long,67.0,12644.86,51963.0
2024-01-29 18:38:48.434074,Short,33.0,6128.42,21726.0
2024-01-29 18:38:48.434074,Long,67.0,12644.86,51963.0
2024-01-29 18:38:54.530223,Short,33.0,6128.42,21726.0
2024-01-29 18:38:54.530223,Long,67.0,12644.86,51963.0
2024-01-29 18:39:00.670104,Short,33.0,6128.42,21726.0
2024-01-29 18:39:00.670104,Long,67.0,12644.86,51963.0
2024-01-29 18:39:06.826312,Short,33.0,6128.42,21726.0
2024-01-29 18:39:06.826312,Long,67.0,12644.86,51963.0
2024-01-29 18:39:12.971918,Short,33.0,6128.42,21726.0
2024-01-29 18:39:12.971918,Long,67.0,12644.86,51963.0
2024-01-29 18:39:19.119472,Short,33.0,6128.42,21726.0
2024-01-29 18:39:19.119472,Long,67.0,12644.86,51963.0
2024-01-29 18:39:25.275278,Short,33.0,6128.42,21726.0
2024-01-29 18:39:25.275278,Long,67.0,12644.86,51963.0
2024-01-29 18:39:31.502967,Short,33.0,6125.84,21664.0
2024-01-29 18:39:31.502967,Long,67.0,12658.54,52039.0
2024-01-29 18:39:37.682481,Short,33.0,6125.84,21664.0
2024-01-29 18:39:37.682481,Long,67.0,12658.54,52039.0
2024-01-29 18:39:43.912751,Short,33.0,6125.84,21664.0
2024-01-29 18:39:43.912751,Long,67.0,12658.54,52039.0
2024-01-29 18:39:50.628350,Short,33.0,6125.84,21664.0
2024-01-29 18:39:50.628350,Long,67.0,12658.54,52039.0
2024-01-29 18:39:56.763313,Short,33.0,6125.84,21664.0
2024-01-29 18:39:56.763313,Long,67.0,12658.54,52039.0
